footprint_sqm,perimeter,floors,finish_grade,district,is_coastal,terrain,road_access,plot_area,bathroom_count,room_count,concrete_m3,steel_kg,brickwork_m3,floor_area_sqm,wall_plaster_sqm,door_count,window_count,concrete_per_sqm,steel_to_concrete_ratio,opening_to_wall_ratio,perimeter_to_area_ratio,district_multiplier,terrain_encoded,road_access_encoded,finish_grade_encoded,roof_type_encoded,direct_cost_lkr,grand_total_lkr
79.2,45.5,2.0,mid,Puttalam,1.0,flat,paved,678.0,2.0,6,36.79,4046.9,75.128,158.4,522.34,9.0,12.0,0.232260101010101,110.0,0.09939907803753704,0.28724747474747475,1.06,0.0,0.0,1.0,2.0,8597513.53,13079320.07
170.5,68.1,2.0,luxury,Colombo,1.0,flat,paved,498.1,4.0,6,68.541,7539.5,148.711,341.0,872.36,13.0,14.0,0.20099999999999998,109.9998541019244,0.07209445418345194,0.19970674486803516,1.0,0.0,0.0,2.0,2.0,15193891.33,21085728.39
188.5,65.4,1.0,mid,Galle,0.0,flat,gravel,459.8,1.0,5,45.687,5025.6,62.343,188.5,387.17,7.0,10.0,0.24237135278514588,110.00065664193316,0.10054256987837178,0.3469496021220159,1.06,0.0,1.0,1.0,2.0,9373793.63,12778485.42
154.5,65.2,2.0,economy,Puttalam,0.0,flat,paved,145.7,2.0,5,63.467,6981.4,133.327,309.0,813.7,7.0,8.0,0.2053948220064725,110.00047268659303,0.04451727786523523,0.2110032362459547,1.06,0.0,0.0,0.0,0.0,13688104.48,19533680.47
169.1,69.8,1.0,mid,Nuwara Eliya,0.0,hilly,gravel,309.5,3.0,4,44.739,4921.3,68.923,169.1,413.22,8.0,8.0,0.2645712596096984,110.00022351863029,0.09378185524974517,0.4127735068007096,1.1,2.0,1.0,1.0,1.0,9574179.23,12584813.35
74.4,36.7,1.0,mid,Colombo,1.0,flat,paved,381.3,4.0,3,21.81,2399.1,30.98,74.4,231.21,8.0,6.0,0.29314516129032253,110.0,0.13819742489270387,0.4932795698924731,1.0,0.0,0.0,1.0,1.0,4625492.99,5449202.6
201.8,73.1,2.0,economy,Kalutara,1.0,sloped,paved,461.3,2.0,6,78.303,8613.3,179.547,403.6,909.36,8.0,10.0,0.19401139742319126,109.99961687291675,0.04404395884975053,0.18111992071357777,1.04,1.0,0.0,0.0,3.0,16890133.54,24391974.54
109.0,48.7,1.0,mid,Jaffna,1.0,flat,paved,272.5,2.0,4,30.031,3303.4,42.769,109.0,275.64,7.0,8.0,0.2755137614678899,109.99966701075556,0.1345029239766082,0.4467889908256881,1.11,0.0,0.0,1.0,0.0,6632280.76,7178109.11
136.0,55.7,1.0,mid,Galle,1.0,flat,paved,311.8,3.0,6,35.869,3945.6,47.602,136.0,349.8,10.0,12.0,0.26374264705882355,110.00027879227187,0.14502307185234015,0.4095588235294118,1.06,0.0,0.0,1.0,1.0,7878773.16,9102347.3
98.8,50.2,1.0,economy,Colombo,1.0,flat,paved,258.9,2.0,6,29.511,3246.2,55.343,98.8,332.32,8.0,10.0,0.2986943319838057,109.99966114330249,0.12374461979913917,0.5080971659919029,1.0,0.0,0.0,0.0,3.0,6298711.04,9005142.89
118.1,46.3,3.0,luxury,Matara,0.0,sloped,track,474.8,2.0,5,63.117,6942.9,144.2,354.29999999999995,825.48,9.0,12.0,0.17814563928873836,110.00047530776177,0.06055591078346561,0.13068021450747955,1.07,1.0,2.0,2.0,2.0,14902525.02,29419653.65
73.5,36.0,1.0,economy,Kalutara,0.0,sloped,paved,233.8,1.0,5,21.597,2375.7,41.402,73.5,243.36,6.0,8.0,0.29383673469387755,110.00138908181691,0.13919508926641594,0.4897959183673469,1.04,1.0,0.0,0.0,1.0,4822180.41,8037006.26
155.3,59.9,1.0,economy,Colombo,0.0,flat,gravel,407.4,2.0,4,39.82,4380.2,77.498,155.3,394.14,6.0,7.0,0.25640695428203475,110.0,0.07288238878732481,0.3857050869285254,1.0,0.0,1.0,0.0,2.0,8117356.54,11874937.11
112.8,42.9,3.0,economy,Ratnapura,0.0,rocky,none,1233.5,3.0,5,60.233,6625.6,147.288,338.4,821.11,8.0,8.0,0.17799349881796692,109.9995019341557,0.04822877213215732,0.12677304964539007,1.08,3.0,3.0,0.0,0.0,14104904.79,23242379.33
92.4,46.6,1.0,mid,Anuradhapura,0.0,flat,paved,785.1,1.0,5,27.404,3014.4,49.465,92.4,300.1,7.0,10.0,0.29658008658008655,109.99854035907167,0.1345445786449193,0.5043290043290043,1.09,0.0,0.0,1.0,1.0,6323160.25,6893778.29
350.0,92.6,1.0,mid,Anuradhapura,0.0,flat,track,519.2,1.0,3,75.058,8256.4,91.054,350.0,537.08,5.0,6.0,0.2144514285714286,110.00026646060378,0.04624974864267042,0.26457142857142857,1.09,0.0,2.0,1.0,0.0,15074497.0,20060403.17
144.9,55.7,2.0,luxury,Colombo,1.0,flat,paved,2000.0,1.0,4,57.089,6279.8,117.004,289.8,706.5,7.0,10.0,0.19699447895100067,110.00017516509311,0.056775280246268225,0.19220151828847482,1.0,0.0,0.0,2.0,2.0,12076500.99,19691834.07
193.2,76.2,1.0,luxury,Colombo,0.0,flat,gravel,412.8,2.0,5,49.895,5488.5,60.957,193.2,459.26,9.0,12.0,0.2582556935817806,110.00100210441927,0.11615323569728014,0.3944099378881988,1.0,0.0,1.0,2.0,3.0,9641694.21,9696626.48
128.8,47.9,1.0,economy,Kandy,0.0,hilly,paved,328.4,4.0,4,32.291,3552.0,54.456,128.8,299.85,8.0,7.0,0.2507065217391304,109.99969031618718,0.11439371331940715,0.37189440993788814,1.05,2.0,0.0,0.0,1.0,7079161.42,11797884.31
143.0,60.3,2.0,mid,Kandy,0.0,hilly,paved,639.6,1.0,5,59.172,6508.9,109.573,286.0,810.43,7.0,10.0,0.20689510489510488,109.99966200229838,0.051372337769836164,0.21083916083916082,1.05,2.0,0.0,1.0,1.0,12649600.05,19410583.77
116.8,57.1,3.0,mid,Ratnapura,0.0,rocky,paved,192.8,2.0,3,68.084,7489.2,179.705,350.4,1103.17,6.0,6.0,0.19430365296803656,109.99941249045297,0.023943161017757845,0.16295662100456623,1.08,3.0,0.0,1.0,3.0,16261542.24,16599228.68
123.5,53.2,2.0,economy,Matara,1.0,flat,paved,284.0,3.0,7,51.264,5639.0,101.254,247.0,685.22,10.0,12.0,0.20754655870445346,109.99921972534331,0.0764928193499622,0.2153846153846154,1.07,0.0,0.0,0.0,0.0,11666826.39,14753707.11
112.9,58.4,1.0,mid,Kalutara,0.0,sloped,gravel,663.9,4.0,6,33.936,3733.0,62.59,112.9,363.25,11.0,12.0,0.30058458813108946,110.0011786892975,0.14472136349957598,0.5172719220549158,1.04,1.0,1.0,1.0,1.0,7687806.73,14709472.63
53.8,37.4,1.0,luxury,Vavuniya,0.0,sloped,paved,520.7,4.0,3,19.283,2121.1,29.363,53.8,220.7,9.0,7.0,0.3584200743494424,109.99844422548358,0.18802370733701207,0.6951672862453532,1.18,1.0,0.0,2.0,1.0,4986134.9,7045063.05
158.9,63.8,4.0,luxury,Anuradhapura,0.0,flat,paved,359.1,2.0,7,108.937,11983.1,236.635,635.6,1747.1,12.0,17.0,0.17139238514789173,110.00027538852731,0.04216022148338243,0.10037759597230962,1.09,0.0,0.0,2.0,0.0,25795968.88,38111218.22
54.1,32.2,2.0,luxury,Colombo,0.0,flat,gravel,887.2,2.0,3,26.054,2865.9,59.915,108.2,458.46,7.0,7.0,0.24079482439926062,109.99846472710526,0.07006397145219549,0.2975970425138632,1.0,0.0,1.0,2.0,3.0,6042705.41,9606497.64
94.6,41.9,2.0,luxury,Polonnaruwa,0.0,flat,paved,214.2,1.0,6,39.383,4332.1,91.998,189.2,526.18,9.0,14.0,0.20815539112050743,109.99923825000634,0.10032239711739048,0.2214587737843552,1.1,0.0,0.0,2.0,1.0,10029641.32,13920764.51
92.4,48.2,2.0,luxury,Kegalle,0.0,hilly,paved,758.8,2.0,3,41.623,4578.5,102.29,184.8,647.81,7.0,7.0,0.22523268398268395,109.99927924464839,0.053892115349210866,0.26082251082251084,1.06,2.0,0.0,2.0,1.0,9820689.36,19787787.89
123.4,49.8,1.0,mid,Colombo,1.0,flat,paved,115.3,2.0,4,32.333,3556.6,42.943,123.4,308.76,7.0,8.0,0.2620178282009724,109.99907215538305,0.11014973979119441,0.40356564019448943,1.0,0.0,0.0,1.0,1.0,6409725.44,7843859.3
102.0,50.9,2.0,mid,Hambantota,1.0,flat,paved,457.3,2.0,7,44.604,4906.4,101.583,204.0,614.87,10.0,14.0,0.21864705882352942,109.99910321944219,0.09388393768283557,0.24950980392156863,1.09,0.0,0.0,1.0,1.0,10921717.13,13986289.83
85.4,38.7,1.0,economy,Kalutara,1.0,flat,paved,133.3,2.0,7,23.642,2600.6,39.554,85.4,220.59,9.0,12.0,0.2768384074941452,109.9991540478809,0.20731393252639715,0.4531615925058548,1.04,0.0,0.0,0.0,1.0,5486257.52,6962596.74
50.0,39.5,3.0,mid,Colombo,1.0,flat,gravel,379.9,1.0,3,35.371,3890.8,107.967,150.0,791.58,5.0,6.0,0.2358066666666667,109.99971728251958,0.03105666306589414,0.2633333333333333,1.0,0.0,1.0,1.0,2.0,8458339.33,15545016.53
84.1,38.8,4.0,economy,Hambantota,1.0,flat,paved,322.0,1.0,2,59.613,6557.4,173.541,336.4,965.34,4.0,3.0,0.17720868014268729,109.9994967540637,0.016144882774112034,0.11533888228299644,1.09,0.0,0.0,0.0,2.0,14382717.21,19095606.86
50.0,31.0,1.0,mid,Jaffna,0.0,flat,paved,218.4,2.0,6,16.805,1848.5,28.199,50.0,210.18,9.0,12.0,0.3361,109.99702469503124,0.23361547762998788,0.62,1.11,0.0,0.0,1.0,2.0,4500107.23,8240577.34
106.1,55.2,1.0,mid,Matara,1.0,flat,track,412.5,1.0,3,31.913,3510.4,48.985,106.1,335.62,5.0,6.0,0.3007822808671065,109.99905994422336,0.0729400911030387,0.5202639019792649,1.07,0.0,2.0,1.0,0.0,6500511.11,9524364.32
67.2,36.4,1.0,luxury,Kalutara,1.0,sloped,track,94.2,1.0,7,20.886,2297.5,36.464,67.2,251.49,10.0,17.0,0.3108035714285714,110.00191515847936,0.280209367385615,0.5416666666666666,1.04,1.0,2.0,2.0,1.0,5211117.65,6736508.23
131.9,64.0,3.0,mid,Hambantota,1.0,flat,paved,310.2,4.0,5,76.281,8390.9,201.974,395.70000000000005,1152.0,10.0,10.0,0.1927748294162244,109.99986890575633,0.04031445273130418,0.16173869092747029,1.09,0.0,0.0,1.0,1.0,18644756.32,24610687.95
93.4,52.9,2.0,mid,Colombo,1.0,flat,gravel,170.2,3.0,6,43.869,4825.6,111.336,186.8,715.21,10.0,12.0,0.23484475374732333,110.00022795140077,0.07437348423605497,0.2831905781584582,1.0,0.0,1.0,1.0,0.0,10108230.14,13862331.65
100.6,48.4,1.0,mid,Mannar,0.0,flat,gravel,214.2,1.0,7,29.171,3208.8,44.496,100.6,316.54,9.0,14.0,0.28997017892644134,109.99965719378837,0.1777852461771131,0.4811133200795229,1.15,0.0,1.0,1.0,2.0,7047686.35,9337194.68
111.2,43.6,1.0,luxury,Kalutara,1.0,sloped,paved,367.3,2.0,6,28.588,3144.7,51.195,111.2,278.34,10.0,14.0,0.2570863309352518,110.00069959423533,0.21268397934807737,0.3920863309352518,1.04,1.0,0.0,2.0,3.0,6793570.47,9469603.31
111.9,43.5,1.0,mid,Galle,1.0,flat,none,395.8,1.0,7,28.593,3145.2,38.921,111.9,255.78,9.0,14.0,0.25552278820375335,109.99895079215192,0.21025437201907793,0.38873994638069703,1.06,0.0,3.0,1.0,1.0,6371837.27,9243365.63
50.0,35.7,1.0,mid,Matara,0.0,flat,paved,514.7,2.0,4,18.234,2005.7,30.152,50.0,214.91,7.0,8.0,0.36468000000000006,109.99780629593067,0.16919229071649258,0.7140000000000001,1.07,0.0,0.0,1.0,1.0,4186904.45,5225086.82
98.2,42.6,2.0,mid,Anuradhapura,0.0,flat,paved,345.2,1.0,3,40.705,4477.6,102.954,196.4,543.58,5.0,6.0,0.20725560081466393,110.00122835032553,0.04419677171406611,0.21690427698574338,1.09,0.0,0.0,1.0,3.0,9694763.18,11537663.43
110.7,42.9,1.0,economy,Galle,1.0,sloped,paved,589.9,1.0,7,28.232,3105.5,36.937,110.7,247.1,8.0,12.0,0.2550316169828365,109.99929158401814,0.17597551644988524,0.3875338753387534,1.06,1.0,0.0,0.0,2.0,6111640.47,6872443.87
157.9,67.2,2.0,economy,Kandy,0.0,hilly,gravel,961.2,2.0,2,64.68,7114.8,148.407,315.8,801.02,4.0,3.0,0.20481317289423687,109.99999999999999,0.019851789743652978,0.21279290690310323,1.05,2.0,1.0,0.0,1.0,13687240.63,18987519.18
111.3,42.4,3.0,economy,Colombo,1.0,flat,paved,216.8,2.0,7,59.107,6501.8,98.43,333.9,745.39,9.0,12.0,0.17702006588799044,110.00050755409681,0.06887602315831504,0.12698412698412698,1.0,0.0,0.0,0.0,1.0,11796294.66,16059084.03
120.6,51.9,3.0,mid,Polonnaruwa,0.0,flat,paved,587.1,2.0,4,66.927,7362.0,142.888,361.79999999999995,1002.71,7.0,8.0,0.184983416252073,110.00044824958536,0.035281484890320604,0.14344941956882257,1.1,0.0,0.0,1.0,2.0,15604345.29,22584070.24
124.1,57.5,1.0,mid,Kandy,0.0,hilly,paved,451.8,4.0,5,35.206,3872.7,51.541,124.1,379.5,10.0,10.0,0.2836905721192587,110.00113616997102,0.12598252677128696,0.46333601933924257,1.05,2.0,0.0,1.0,2.0,7674423.32,9745949.28
171.6,71.2,1.0,mid,Kegalle,0.0,sloped,paved,188.9,1.0,6,45.886,5047.5,84.35,171.6,487.01,8.0,12.0,0.26740093240093243,110.00087172558078,0.09284863653795694,0.41491841491841497,1.06,1.0,0.0,1.0,1.0,10000691.67,15819541.9
121.9,53.9,2.0,mid,Badulla,0.0,hilly,none,330.3,2.0,6,50.881,5596.9,87.564,243.8,664.05,9.0,12.0,0.2086997538966366,109.99980346298224,0.07370332504234509,0.22108285479901557,1.11,2.0,3.0,1.0,1.0,11697352.06,15734134.88
102.2,42.8,2.0,economy,Badulla,0.0,rocky,track,199.2,2.0,7,42.061,4626.7,103.297,204.4,594.06,9.0,12.0,0.20577788649706458,109.99976225006537,0.08186163180909121,0.20939334637964774,1.11,3.0,2.0,0.0,2.0,10581849.58,19579993.06
140.6,49.4,1.0,mid,Kurunegala,0.0,flat,gravel,327.0,3.0,6,34.572,3802.9,53.514,140.6,338.88,10.0,12.0,0.24588904694167854,109.99942149716533,0.16183196341190392,0.35135135135135137,1.03,0.0,1.0,1.0,0.0,7698122.31,10451187.79
168.7,64.5,1.0,economy,Kilinochchi,0.0,flat,paved,403.4,4.0,4,43.357,4769.3,81.148,168.7,445.05,8.0,7.0,0.2570065204505039,110.0006919297922,0.074877916440586,0.38233550681683465,1.16,0.0,0.0,0.0,1.0,10350400.04,11571664.14
124.1,48.2,1.0,mid,Kurunegala,0.0,flat,paved,218.5,1.0,5,31.832,3501.5,47.497,124.1,282.45,7.0,10.0,0.2565028203062047,109.99937170143252,0.14961353026708504,0.3883964544721999,1.03,0.0,0.0,1.0,1.0,6619357.33,8229878.15
118.7,60.7,3.0,economy,Kurunegala,0.0,sloped,paved,89.2,1.0,5,71.031,7813.4,190.572,356.1,1271.06,6.0,8.0,0.199469250210615,109.99985921639846,0.02691115141283545,0.17045773659084526,1.03,1.0,0.0,0.0,0.0,16066768.09,22070410.11
91.6,42.8,2.0,mid,Polonnaruwa,0.0,flat,paved,275.4,1.0,3,38.977,4287.5,93.766,183.2,523.87,5.0,6.0,0.2127565502183406,110.00076968468585,0.046367568360090906,0.2336244541484716,1.1,0.0,0.0,1.0,2.0,9254366.67,11369209.79
149.9,62.9,1.0,mid,Matale,0.0,hilly,paved,129.4,3.0,7,40.306,4433.7,80.988,149.9,427.72,11.0,14.0,0.2688859239492995,110.0009924080782,0.12976168983571043,0.41961307538358905,1.08,2.0,0.0,1.0,1.0,9663920.46,17295283.4
141.6,50.1,1.0,mid,Matara,1.0,flat,paved,379.5,2.0,7,34.565,3802.1,44.51,141.6,289.58,10.0,14.0,0.24410310734463275,109.9985534500217,0.18087685955829347,0.3538135593220339,1.07,0.0,0.0,1.0,3.0,7747697.91,12517778.08
104.1,56.9,1.0,mid,Matale,0.0,sloped,track,199.1,2.0,6,32.578,3583.6,55.926,104.1,383.51,9.0,12.0,0.31294908741594624,110.00061391122843,0.11982732956236976,0.5465898174831892,1.08,1.0,2.0,1.0,1.0,7439678.67,10673257.04
126.5,56.5,1.0,mid,Gampaha,1.0,flat,paved,337.6,2.0,7,34.836,3832.0,47.288,126.5,316.4,10.0,14.0,0.2753833992094862,110.00114823745551,0.1797752808988764,0.44664031620553357,1.02,0.0,0.0,1.0,0.0,7310759.95,11643607.26
68.1,45.5,1.0,mid,Batticaloa,1.0,flat,paved,487.9,2.0,5,23.931,2632.4,41.791,68.1,276.64,8.0,10.0,0.351409691629956,109.99958213196273,0.1567647392934227,0.6681350954478709,1.13,0.0,0.0,1.0,2.0,5707672.6,9615830.03
203.0,69.8,1.0,luxury,Kandy,0.0,hilly,paved,311.9,2.0,3,49.283,5421.1,69.089,203.0,483.71,7.0,7.0,0.24277339901477832,109.99939127082361,0.07009142359599478,0.3438423645320197,1.05,2.0,0.0,2.0,1.0,10108902.99,16007893.52
73.2,44.9,1.0,mid,Colombo,1.0,flat,paved,580.1,2.0,4,24.598,2705.8,47.049,73.2,305.32,7.0,8.0,0.3360382513661202,110.00081307423369,0.11713179873701365,0.6133879781420765,1.0,0.0,0.0,1.0,0.0,5225025.02,6675886.7
121.7,49.8,2.0,mid,Kilinochchi,0.0,flat,paved,399.7,3.0,7,49.783,5476.1,109.208,243.4,693.22,11.0,14.0,0.204531635168447,109.99939738464938,0.08517635208200632,0.20460147904683645,1.16,0.0,0.0,1.0,0.0,12979833.55,22201524.79
125.0,49.1,1.0,luxury,Galle,0.0,sloped,gravel,427.2,2.0,4,32.539,3579.3,54.891,125.0,354.7,8.0,10.0,0.260312,110.00030732351946,0.12362268207471111,0.39280000000000004,1.06,1.0,1.0,2.0,3.0,7414531.55,11154845.18
112.8,56.4,1.0,economy,Jaffna,0.0,flat,gravel,381.9,4.0,4,33.538,3689.2,49.528,112.8,383.52,8.0,7.0,0.297322695035461,110.00059633848173,0.09460089390989608,0.5,1.11,0.0,1.0,0.0,1.0,7361000.56,10277139.5
350.0,104.2,3.0,mid,Matale,0.0,hilly,gravel,172.9,2.0,4,174.27,19169.7,278.361,1050.0,1781.82,7.0,8.0,0.16597142857142858,110.0,0.020530825993810998,0.09923809523809524,1.08,2.0,1.0,1.0,1.0,35252636.59,57169861.83
92.3,46.4,4.0,luxury,Mullaitivu,0.0,flat,paved,578.2,3.0,4,66.75,7342.5,175.196,369.2,1118.61,9.0,10.0,0.18079631635969665,110.0,0.039032494328230236,0.1256771397616468,1.22,0.0,0.0,2.0,1.0,18792121.37,26797520.39
167.9,68.5,2.0,economy,Matale,0.0,sloped,paved,322.0,1.0,3,68.173,7499.0,118.263,335.8,860.36,4.0,5.0,0.20301667659321024,109.99955994308597,0.024444680624933577,0.20399047051816557,1.08,1.0,0.0,0.0,2.0,14014829.26,18602914.61
107.7,44.3,2.0,luxury,Colombo,0.0,flat,paved,362.3,2.0,6,43.59,4794.9,74.483,215.4,539.57,10.0,14.0,0.20236768802228414,109.99999999999999,0.1123389706331278,0.20566388115134632,1.0,0.0,0.0,2.0,1.0,9421194.24,19116464.68
53.9,38.2,1.0,economy,Kandy,0.0,hilly,paved,712.7,2.0,4,19.568,2152.5,32.007,53.9,220.03,6.0,7.0,0.3630426716141002,110.00102207686017,0.13076182979095602,0.7087198515769945,1.05,2.0,0.0,0.0,1.0,4195471.26,6725234.06
68.1,41.7,1.0,mid,Badulla,0.0,rocky,gravel,1179.1,2.0,5,22.609,2487.0,32.729,68.1,250.2,8.0,10.0,0.33199706314243765,110.00044230173823,0.15693112467306014,0.6123348017621146,1.11,3.0,1.0,1.0,1.0,5296214.43,6329324.85
63.3,36.7,1.0,mid,Kurunegala,0.0,sloped,paved,397.5,1.0,5,20.346,2238.1,35.809,63.3,219.47,7.0,10.0,0.3214218009478673,110.00196598840067,0.1732311373000753,0.5797788309636651,1.03,1.0,0.0,1.0,1.0,4558987.12,7372709.9
108.3,45.2,1.0,mid,Galle,1.0,sloped,paved,298.8,2.0,7,28.965,3186.2,42.135,108.3,290.18,10.0,14.0,0.2674515235457064,110.00172622130157,0.1840613537845949,0.41735918744228995,1.06,1.0,0.0,1.0,1.0,6636322.09,7848635.15
135.2,50.3,2.0,economy,Kandy,0.0,hilly,gravel,195.2,2.0,6,53.232,5855.5,123.391,270.4,688.1,8.0,10.0,0.1968639053254438,109.99962428614367,0.06397675820185131,0.1860207100591716,1.05,2.0,1.0,0.0,0.0,12102989.88,15219304.84
160.6,62.4,3.0,luxury,Matale,0.0,hilly,paved,101.6,1.0,5,86.943,9563.7,202.634,481.79999999999995,1320.88,8.0,12.0,0.18045454545454548,109.99965494634417,0.036370824273571856,0.12951432129514323,1.08,2.0,0.0,2.0,1.0,20468065.44,35211170.49
200.0,64.7,1.0,mid,Colombo,0.0,flat,paved,156.9,2.0,5,47.025,5172.8,73.718,200.0,399.85,8.0,10.0,0.235125,110.00106326422117,0.103973077502637,0.3235,1.0,0.0,0.0,1.0,3.0,9446507.52,12153298.21
118.2,46.4,1.0,economy,Kandy,0.0,sloped,paved,242.2,1.0,5,30.621,3368.3,50.564,118.2,307.17,6.0,8.0,0.25906091370558376,109.9996734267333,0.11273720327708144,0.3925549915397631,1.05,1.0,0.0,0.0,1.0,6473005.59,7864168.91
93.5,39.3,1.0,economy,Ratnapura,0.0,rocky,track,119.5,2.0,6,25.04,2754.4,34.525,93.5,257.81,8.0,10.0,0.26780748663101606,110.00000000000001,0.16157358623112048,0.42032085561497323,1.08,3.0,2.0,0.0,2.0,5700111.85,10388717.84
128.4,59.4,1.0,luxury,Hambantota,0.0,flat,paved,224.1,3.0,3,36.203,3982.3,53.637,128.4,392.93,8.0,7.0,0.28195482866043614,109.99917133939176,0.09841958121755007,0.46261682242990654,1.09,0.0,0.0,2.0,3.0,7882411.21,11219444.9
80.6,41.2,1.0,mid,Kegalle,0.0,hilly,paved,1203.8,2.0,5,24.07,2647.7,39.955,80.6,254.62,8.0,10.0,0.29863523573200995,109.99999999999999,0.15423015311254332,0.511166253101737,1.06,2.0,0.0,1.0,2.0,5470213.27,6463186.75
64.2,38.0,1.0,economy,Kandy,0.0,hilly,paved,209.9,4.0,6,20.934,2302.7,32.008,64.2,240.92,10.0,10.0,0.3260747663551402,109.99808923282697,0.20584418490177653,0.5919003115264797,1.05,2.0,0.0,0.0,1.0,4957256.91,7031877.71
110.2,49.2,1.0,luxury,Badulla,0.0,rocky,gravel,693.0,3.0,7,30.331,3336.4,35.599,110.2,292.4,13.0,17.0,0.27523593466424684,109.99967030430913,0.2654050311562428,0.44646098003629764,1.11,3.0,1.0,2.0,3.0,7341454.89,12406856.57
144.6,65.7,1.0,mid,Anuradhapura,0.0,flat,none,670.9,1.0,8,40.493,4454.2,62.781,144.6,420.48,10.0,16.0,0.28003457814661137,109.99925913120785,0.13782930370848412,0.4543568464730291,1.09,0.0,3.0,1.0,0.0,9054627.0,13438617.95
167.2,71.2,2.0,mid,Anuradhapura,0.0,flat,track,968.4,2.0,5,68.358,7519.4,128.336,334.4,823.07,8.0,10.0,0.20441985645933017,110.00029257731354,0.05235072456437623,0.21291866028708137,1.09,0.0,2.0,1.0,1.0,15053675.03,20995881.06
77.7,41.6,2.0,economy,Colombo,1.0,flat,none,574.2,1.0,8,35.555,3911.1,95.143,155.4,574.08,9.0,14.0,0.2287966537966538,110.001406271973,0.0933672208690741,0.2676962676962677,1.0,0.0,3.0,0.0,1.0,8441853.95,11785125.99
95.1,53.3,1.0,economy,Colombo,1.0,flat,track,852.4,2.0,4,30.064,3307.0,44.193,95.1,338.99,6.0,7.0,0.31613038906414304,109.99866950505589,0.08730946679904222,0.5604626708727655,1.0,0.0,2.0,0.0,2.0,5806920.19,7869242.9
110.4,47.4,1.0,mid,Kurunegala,0.0,flat,gravel,625.6,2.0,3,29.917,3290.9,42.169,110.4,309.05,6.0,6.0,0.2709873188405797,110.00100277434234,0.0961337513061651,0.4293478260869565,1.03,0.0,1.0,1.0,1.0,6069533.9,7703559.68
50.0,33.7,1.0,mid,Nuwara Eliya,0.0,rocky,paved,1614.7,1.0,5,17.672,1943.9,31.6,50.0,208.94,7.0,10.0,0.35344000000000003,109.99886826618379,0.18832482419805413,0.674,1.1,3.0,0.0,1.0,1.0,4294235.55,5867150.0
215.8,78.9,2.0,mid,Puttalam,0.0,flat,paved,527.0,2.0,6,84.133,9254.6,169.464,431.6,1022.54,9.0,12.0,0.1949328081556997,109.99964342172514,0.0499317702518298,0.18280815569972197,1.06,0.0,0.0,1.0,2.0,18336266.28,20246546.84
188.2,71.3,2.0,economy,Colombo,1.0,flat,paved,524.0,2.0,6,74.609,8207.0,185.891,376.4,978.24,8.0,10.0,0.1982173219978746,110.00013403208729,0.04296789862066818,0.18942614240170033,1.0,0.0,0.0,0.0,3.0,15950976.51,26192563.76
136.8,52.6,1.0,mid,Galle,1.0,sloped,gravel,200.6,1.0,6,34.867,3835.4,48.262,136.8,304.03,8.0,12.0,0.254875730994152,110.00086041242437,0.15998330608979933,0.3845029239766082,1.06,1.0,1.0,1.0,0.0,7438360.76,10547640.39
146.5,63.0,1.0,economy,Galle,1.0,sloped,paved,453.8,3.0,5,39.608,4356.9,58.217,146.5,380.52,8.0,8.0,0.2703617747440273,110.00050494849525,0.10405768415099674,0.4300341296928328,1.06,1.0,0.0,0.0,1.0,8127601.05,7261036.51
111.3,50.0,2.0,mid,Badulla,0.0,hilly,paved,481.6,1.0,3,46.456,5110.2,98.989,222.6,572.0,5.0,6.0,0.2086972147349506,110.00086102979162,0.04504504504504505,0.22461814914645103,1.11,2.0,0.0,1.0,1.0,10549867.38,12105877.75
220.1,66.8,3.0,mid,Kegalle,0.0,hilly,paved,556.8,4.0,3,110.398,12143.8,204.423,660.3,1234.46,8.0,6.0,0.16719369983340907,110.00018116270222,0.025214756113795294,0.10116613660457369,1.06,2.0,0.0,1.0,3.0,23255458.11,26016462.06
89.7,50.2,1.0,economy,Ampara,0.0,flat,paved,273.3,2.0,4,28.171,3098.8,38.73,89.7,300.2,6.0,7.0,0.31405797101449273,109.99964502502574,0.10770505385252693,0.5596432552954292,1.12,0.0,0.0,0.0,2.0,6071950.3,7927975.22
119.4,47.4,2.0,luxury,Puttalam,1.0,flat,paved,556.5,2.0,6,47.329,5206.2,86.871,238.8,557.42,10.0,14.0,0.19819514237855945,110.0002112869488,0.09944512502702313,0.19849246231155776,1.06,0.0,0.0,2.0,0.0,10868771.23,14700967.29
68.9,41.7,2.0,mid,Matale,0.0,hilly,paved,210.8,1.0,5,33.205,3652.5,67.189,137.8,547.1,7.0,10.0,0.2409651669085631,109.99849420268032,0.07493866911990187,0.30261248185776485,1.08,2.0,0.0,1.0,1.0,7839710.39,13216905.48
129.7,60.2,3.0,mid,Kalutara,0.0,sloped,paved,2000.0,1.0,2,73.815,8119.6,156.514,389.09999999999997,1079.99,4.0,4.0,0.1897070161912105,109.99932263090159,0.01810382148057775,0.15471601130814702,1.04,1.0,0.0,1.0,0.0,15520064.63,25044609.19
129.6,61.0,2.0,luxury,Gampaha,1.0,flat,gravel,395.9,2.0,6,55.398,6093.8,123.85,259.2,758.35,10.0,14.0,0.21372685185185186,110.00036102386368,0.0804230954150094,0.23533950617283952,1.02,0.0,1.0,2.0,1.0,12395167.43,18849912.55
146.7,54.0,2.0,mid,Kurunegala,0.0,sloped,paved,263.7,2.0,6,56.836,6252.0,91.884,293.4,622.08,9.0,12.0,0.19371506475800956,110.00070377929481,0.08332039538373959,0.18404907975460125,1.03,1.0,0.0,1.0,1.0,11771854.38,12797010.21
59.4,42.1,2.0,mid,Puttalam,0.0,flat,paved,457.5,2.0,6,31.172,3428.9,72.413,118.8,587.72,9.0,12.0,0.2623905723905724,109.99935839856282,0.08769859282796187,0.3543771043771044,1.06,0.0,0.0,1.0,1.0,7729978.87,11354581.9
109.6,52.0,1.0,economy,Kalutara,0.0,sloped,paved,835.9,1.0,7,31.542,3469.6,51.617,109.6,339.04,8.0,12.0,0.28779197080291974,109.99936592479867,0.12918082507231318,0.4744525547445256,1.04,1.0,0.0,0.0,1.0,6802706.76,10464486.25
64.0,41.5,2.0,mid,Colombo,1.0,flat,paved,452.0,2.0,5,32.068,3527.5,79.448,128.0,567.72,8.0,10.0,0.25053125,110.00062367469128,0.07878810946599171,0.32421875,1.0,0.0,0.0,1.0,2.0,7420577.79,14209912.0
133.1,62.6,1.0,mid,Galle,0.0,flat,track,291.3,1.0,3,38.091,4190.0,60.93,133.1,421.92,5.0,6.0,0.28618332081142,109.99973747079362,0.05796769389391682,0.4703230653643877,1.06,0.0,2.0,1.0,0.0,7741124.71,13939089.73
124.8,55.1,2.0,luxury,Colombo,1.0,flat,gravel,293.4,3.0,3,52.324,5755.6,116.242,249.6,772.94,8.0,7.0,0.20963141025641024,109.99923553245166,0.046386554621848736,0.22075320512820515,1.0,0.0,1.0,2.0,1.0,11454848.51,16943546.0
147.0,61.8,1.0,mid,Gampaha,1.0,flat,gravel,275.9,2.0,4,39.613,4357.4,70.21,147.0,420.24,7.0,8.0,0.2694761904761905,109.9992426728599,0.08067910761891399,0.4204081632653061,1.02,0.0,1.0,1.0,1.0,8160452.26,15473894.96
123.4,56.4,2.0,mid,Mannar,0.0,flat,paved,663.0,3.0,4,52.628,5789.1,124.702,246.8,739.97,8.0,8.0,0.21324149108589951,110.00038002584176,0.049878015722418,0.2285251215559157,1.15,0.0,0.0,1.0,1.0,13169160.86,19675228.51
237.4,84.5,2.0,mid,Galle,1.0,sloped,paved,92.7,4.0,5,91.676,10084.4,175.497,474.8,1061.32,10.0,10.0,0.19308340353833192,110.00043631921113,0.04655917570015891,0.17796967144060657,1.06,1.0,0.0,1.0,2.0,19713767.25,31015027.76
61.8,36.9,1.0,economy,Gampaha,1.0,flat,track,306.6,2.0,5,20.385,2242.3,32.98,61.8,246.49,7.0,8.0,0.3298543689320389,109.99754721609027,0.14402604992903065,0.5970873786407767,1.02,0.0,2.0,0.0,1.0,4448199.05,4499967.18
120.0,58.7,2.0,mid,Monaragala,0.0,sloped,paved,595.9,3.0,5,52.794,5807.3,120.233,240.0,821.8,9.0,10.0,0.21997499999999998,109.9992423381445,0.05771567436208993,0.24458333333333335,1.13,1.0,0.0,1.0,1.0,13036682.07,23143323.7
84.4,43.2,1.0,luxury,Matara,1.0,flat,paved,513.0,2.0,5,25.356,2789.2,44.903,84.4,316.61,9.0,12.0,0.30042654028436017,110.00157753588893,0.16333570051739882,0.5118483412322274,1.07,0.0,0.0,2.0,2.0,6138393.26,7925926.02
120.5,58.9,1.0,mid,Kandy,0.0,hilly,paved,272.2,1.0,3,35.035,3853.9,50.96,120.5,366.36,5.0,6.0,0.2907468879668049,110.0014271442843,0.07139229076132965,0.4887966804979253,1.05,2.0,0.0,1.0,1.0,6871697.82,8610922.62
140.4,55.8,2.0,luxury,Polonnaruwa,0.0,flat,paved,352.9,1.0,3,56.117,6172.9,111.995,280.8,728.86,6.0,7.0,0.19984686609686608,110.00053459735909,0.046152658794474034,0.1987179487179487,1.1,0.0,0.0,2.0,2.0,12733538.05,17456850.73
78.4,39.7,1.0,economy,Jaffna,1.0,flat,gravel,425.1,3.0,5,23.2,2552.0,39.111,78.4,248.52,8.0,8.0,0.29591836734693877,110.0,0.14847690135162397,0.5063775510204082,1.11,0.0,1.0,0.0,0.0,5543190.39,8114942.68
87.7,41.1,2.0,mid,Colombo,1.0,flat,gravel,286.8,3.0,2,37.249,4097.4,83.477,175.4,465.25,6.0,4.0,0.2123660205245154,110.0002684635829,0.047978639075472486,0.23432155074116306,1.0,0.0,1.0,1.0,1.0,7967010.3,11523766.16
99.4,55.4,3.0,luxury,Kurunegala,0.0,flat,gravel,276.4,1.0,6,60.476,6652.4,137.934,298.20000000000005,1113.37,9.0,14.0,0.20280348759221994,110.00066141940604,0.05095504589807065,0.18578135479543928,1.03,0.0,1.0,2.0,1.0,13906559.14,15674837.2
117.4,60.1,1.0,economy,Galle,1.0,sloped,gravel,177.9,1.0,7,35.331,3886.4,55.311,117.4,397.86,8.0,12.0,0.30094548551959116,109.99971696244091,0.12305387619710023,0.5119250425894378,1.06,1.0,1.0,0.0,1.0,7444672.05,8693138.67
73.4,36.3,4.0,mid,Gampaha,1.0,flat,gravel,463.4,3.0,5,53.037,5834.1,140.87,293.6,830.54,9.0,10.0,0.18064373297002723,110.00056564285312,0.05200152315674235,0.12363760217983649,1.02,0.0,1.0,1.0,0.0,12496321.66,15018406.57
94.9,46.6,3.0,mid,Mullaitivu,0.0,flat,paved,379.3,1.0,5,54.631,6009.4,120.37,284.70000000000005,810.84,7.0,10.0,0.1918897084650509,109.9998169537442,0.04836116264687694,0.1636810677906568,1.22,0.0,0.0,1.0,0.0,14230487.27,27127680.32
163.3,51.4,1.0,mid,Kandy,0.0,sloped,paved,343.9,2.0,5,37.718,4149.0,44.211,163.3,305.32,8.0,10.0,0.23097366809552972,110.00053025080862,0.13893549902678032,0.31475811390079605,1.05,1.0,0.0,1.0,2.0,7821360.69,8196768.96
149.2,60.6,1.0,mid,Puttalam,0.0,flat,none,305.0,2.0,3,39.472,4341.9,67.033,149.2,403.6,6.0,6.0,0.2645576407506703,109.99949331171462,0.0686106346483705,0.40616621983914214,1.06,0.0,3.0,1.0,1.0,8268592.65,11001628.63
193.1,66.2,1.0,economy,Galle,0.0,sloped,paved,269.2,4.0,5,46.942,5163.6,94.127,193.1,460.75,9.0,8.0,0.24309684101501813,109.9995739423118,0.08488374617371859,0.3428275504919731,1.06,1.0,0.0,0.0,0.0,10483417.77,13999661.02
66.6,43.8,1.0,luxury,Polonnaruwa,0.0,flat,paved,315.2,1.0,5,23.089,2539.8,34.761,66.6,282.38,8.0,12.0,0.3466816816816817,110.0004331066742,0.17040823886789658,0.6576576576576577,1.1,0.0,0.0,2.0,1.0,5376218.21,7943883.97
156.3,59.3,2.0,mid,Kandy,0.0,hilly,track,203.9,1.0,3,61.383,6752.1,125.265,312.6,723.46,5.0,6.0,0.19636276391554702,109.99951126533405,0.03321953781512605,0.1896992962252079,1.05,2.0,2.0,1.0,1.0,13127426.46,18198663.36
98.5,51.0,2.0,mid,Anuradhapura,0.0,flat,paved,332.3,3.0,2,44.115,4852.6,106.614,197.0,673.2,6.0,4.0,0.22393401015228429,109.99886659866259,0.03305785123966942,0.25888324873096447,1.09,0.0,0.0,1.0,1.0,10535280.21,13762993.8
54.4,29.9,1.0,mid,Colombo,1.0,flat,paved,510.7,4.0,6,16.881,1856.9,25.139,54.4,179.4,11.0,12.0,0.3103125,109.99940761803211,0.2794653705953828,0.5496323529411764,1.0,0.0,0.0,1.0,1.0,4191645.18,5576206.01
93.3,50.5,2.0,mid,Matara,0.0,sloped,track,135.2,2.0,3,42.779,4705.7,103.686,186.6,684.78,6.0,6.0,0.22925509110396572,110.0002337595549,0.04376506406190537,0.27063236870310825,1.07,1.0,2.0,1.0,2.0,10024373.58,14454267.96
210.2,60.3,2.0,economy,Puttalam,1.0,flat,paved,342.4,2.0,7,75.385,8292.3,119.334,420.4,721.19,9.0,12.0,0.17931731684110372,109.99933673807784,0.07150259067357514,0.14343482397716462,1.06,0.0,0.0,0.0,1.0,15467808.73,22412980.23
123.3,47.1,1.0,mid,Matale,0.0,hilly,paved,1626.5,1.0,6,31.317,3444.9,54.825,123.3,287.31,8.0,12.0,0.2539902676399027,110.00095794616342,0.16855373566377196,0.38199513381995137,1.08,2.0,0.0,1.0,2.0,7235271.48,10557447.28
198.6,77.3,1.0,mid,Anuradhapura,0.0,flat,paved,701.6,2.0,4,50.91,5600.1,76.603,198.6,445.25,7.0,8.0,0.2563444108761329,110.00000000000001,0.07388213123179717,0.3892245720040282,1.09,0.0,0.0,1.0,0.0,10660620.51,11659704.12
152.6,61.0,1.0,economy,Badulla,0.0,rocky,paved,873.2,1.0,3,39.994,4399.3,75.768,152.6,402.6,4.0,5.0,0.26208387942332895,109.99899984997751,0.05187319884726225,0.399737876802097,1.11,3.0,0.0,0.0,0.0,8653544.94,10751998.38
85.4,43.1,1.0,mid,Kalutara,1.0,sloped,paved,319.7,4.0,3,25.155,2767.1,40.274,85.4,252.57,8.0,6.0,0.2945550351288056,110.00198767640627,0.1260323300324866,0.5046838407494145,1.04,1.0,0.0,1.0,2.0,5537237.69,7491762.96
99.5,48.5,1.0,mid,Colombo,1.0,flat,paved,359.0,2.0,4,28.899,3178.9,42.306,99.5,291.97,7.0,8.0,0.2904422110552764,110.0003460327347,0.12166737198476513,0.48743718592964824,1.0,0.0,0.0,1.0,1.0,5734354.43,7844427.19
184.9,74.2,1.0,mid,Jaffna,0.0,flat,paved,1162.6,2.0,6,48.572,5342.9,70.362,184.9,498.62,9.0,12.0,0.26269334775554354,109.99958824013834,0.09881746388968451,0.40129799891833423,1.11,0.0,0.0,1.0,2.0,10582856.08,11428488.47
88.2,50.2,2.0,mid,Vavuniya,0.0,flat,gravel,535.1,1.0,6,41.439,4558.3,97.337,176.4,684.73,8.0,12.0,0.23491496598639455,110.00024131856465,0.06509034823336304,0.28458049886621317,1.18,0.0,1.0,1.0,1.0,10939927.49,16074502.08
83.6,50.8,1.0,mid,Kurunegala,0.0,sloped,paved,154.8,4.0,6,27.785,3056.3,43.275,83.6,335.28,11.0,12.0,0.33235645933014357,109.99820046787836,0.14999432913689462,0.6076555023923446,1.03,1.0,0.0,1.0,1.0,6277225.67,9373700.94
181.5,65.1,1.0,luxury,Galle,1.0,flat,paved,532.7,2.0,6,44.842,4932.6,61.78,181.5,423.8,10.0,14.0,0.24706336088154268,109.99955398956337,0.13429676665936793,0.3586776859504132,1.06,0.0,0.0,2.0,3.0,9736810.35,15318308.87
154.5,54.9,1.0,economy,Colombo,1.0,flat,paved,403.2,2.0,4,38.182,4200.0,55.123,154.5,383.2,6.0,7.0,0.2471326860841424,109.9994761929705,0.08264462809917354,0.3553398058252427,1.0,0.0,0.0,0.0,1.0,7398880.77,14050408.84
63.8,32.8,1.0,mid,Hambantota,0.0,flat,gravel,295.0,1.0,7,19.216,2113.8,29.524,63.8,217.14,9.0,14.0,0.30119122257053293,110.00208159866779,0.23099427972577619,0.5141065830721003,1.09,0.0,1.0,1.0,0.0,4855889.8,6926151.05
260.3,90.1,1.0,economy,Puttalam,0.0,flat,gravel,498.3,2.0,4,62.955,6925.1,89.908,260.3,524.38,6.0,7.0,0.24185555128697656,110.0007942180923,0.0558200317371418,0.34613907030349594,1.06,0.0,1.0,0.0,1.0,12372550.11,20163123.1
120.6,46.6,1.0,economy,Kalutara,0.0,flat,paved,467.7,4.0,6,31.039,3414.3,46.287,120.6,317.81,10.0,10.0,0.2573714759535655,110.00032217532781,0.13698222208987226,0.3864013266998342,1.04,0.0,0.0,0.0,2.0,6941414.6,10964234.47
216.9,67.4,2.0,luxury,Colombo,1.0,flat,paved,627.1,3.0,6,79.202,8712.2,153.349,433.8,795.45,12.0,14.0,0.182577224527432,109.99974748112423,0.08089936281605542,0.1553711387736284,1.0,0.0,0.0,2.0,1.0,16745704.96,18914794.41
136.6,64.2,1.0,mid,Hambantota,1.0,flat,paved,783.0,1.0,7,39.111,4302.2,55.744,136.6,421.15,9.0,14.0,0.2863177159590044,109.99974431745545,0.1275128959166948,0.46998535871156666,1.09,0.0,0.0,1.0,1.0,8600332.58,11407743.38
104.1,41.9,2.0,mid,Colombo,0.0,flat,paved,293.3,2.0,5,42.065,4627.1,102.584,208.2,549.73,8.0,10.0,0.20204130643611912,109.99881136336623,0.07830675821369802,0.20124879923150818,1.0,0.0,0.0,1.0,2.0,9507550.72,13593391.04
159.2,61.4,1.0,economy,Kegalle,0.0,sloped,paved,306.1,2.0,6,40.812,4489.3,66.065,159.2,385.59,8.0,10.0,0.256356783919598,109.99950994805451,0.11201298701298702,0.385678391959799,1.06,1.0,0.0,0.0,1.0,8670824.69,9786373.37
134.8,62.7,1.0,mid,Colombo,0.0,flat,gravel,902.8,3.0,4,38.263,4208.9,59.785,134.8,411.31,8.0,8.0,0.28385014836795247,109.99921595274809,0.09160837420029375,0.46513353115727,1.0,0.0,1.0,1.0,1.0,7587439.1,9816771.55
100.8,43.3,1.0,mid,Kandy,0.0,sloped,paved,741.0,3.0,6,27.209,2993.0,39.369,100.8,265.0,10.0,12.0,0.26993055555555556,110.00036752545114,0.20202020202020204,0.42956349206349204,1.05,1.0,0.0,1.0,1.0,6279053.49,6276047.86
134.0,63.4,1.0,mid,Kegalle,0.0,sloped,paved,319.2,1.0,6,38.484,4233.2,75.031,134.0,433.66,8.0,12.0,0.28719402985074627,109.9989606070055,0.11005574562767663,0.47313432835820896,1.06,1.0,0.0,1.0,1.0,8573500.89,11950388.66
101.8,47.8,2.0,economy,Ratnapura,0.0,rocky,gravel,364.6,1.0,4,43.386,4772.5,94.623,203.6,590.81,5.0,7.0,0.21309430255402753,110.00092195639145,0.04550550682582602,0.23477406679764243,1.08,3.0,1.0,0.0,1.0,9672490.78,14689818.91
99.8,54.6,1.0,mid,Vavuniya,0.0,sloped,gravel,338.1,2.0,6,31.214,3433.5,53.731,99.8,374.56,9.0,12.0,0.31276553106212424,109.99871852373936,0.1392773724732547,0.5470941883767535,1.18,1.0,1.0,1.0,1.0,7858185.27,10721879.16
168.5,57.1,1.0,luxury,Matara,1.0,sloped,paved,769.6,1.0,8,40.54,4459.4,66.982,168.5,380.11,12.0,19.0,0.24059347181008903,110.0,0.19908971602490713,0.33887240356083087,1.07,1.0,0.0,2.0,1.0,9531035.44,15305233.74
179.6,66.9,1.0,mid,Kalutara,1.0,flat,paved,455.4,3.0,5,45.288,4981.7,57.585,179.6,437.53,9.0,10.0,0.2521603563474387,110.00044161808869,0.10847171544170577,0.37249443207126953,1.04,0.0,0.0,1.0,1.0,9242170.16,13555209.26
110.1,44.0,2.0,luxury,Mannar,0.0,flat,paved,383.5,2.0,3,44.74,4921.4,94.078,220.2,637.56,7.0,7.0,0.20317892824704817,109.99999999999999,0.053211706575446605,0.19981834695731154,1.15,0.0,0.0,2.0,0.0,11128680.93,18546656.04
111.9,47.3,1.0,mid,Badulla,0.0,hilly,none,510.9,1.0,6,30.18,3319.8,50.591,111.9,325.42,8.0,12.0,0.26970509383378016,110.0,0.14629182037908664,0.42269883824843607,1.11,2.0,3.0,1.0,3.0,7110940.89,13364602.22
146.6,65.6,1.0,mid,Gampaha,1.0,flat,paved,946.2,4.0,7,40.857,4494.3,76.448,146.6,442.14,12.0,14.0,0.27869713506139154,110.00073426830164,0.14319237584406877,0.44747612551159616,1.02,0.0,0.0,1.0,1.0,9080252.16,14524624.56
130.1,51.9,1.0,economy,Hambantota,0.0,flat,gravel,502.8,3.0,4,33.736,3711.0,50.658,130.1,311.4,7.0,7.0,0.2593082244427363,110.0011856770216,0.10355029585798818,0.398923904688701,1.09,0.0,1.0,0.0,1.0,7266786.47,11338705.9
137.5,52.4,2.0,mid,Kurunegala,0.0,flat,none,530.3,3.0,5,54.799,6027.9,127.016,275.0,716.83,9.0,10.0,0.1992690909090909,110.00018248508184,0.06446854023751568,0.19054545454545455,1.03,0.0,3.0,1.0,2.0,12449492.99,12848018.65
96.5,45.5,2.0,mid,Colombo,0.0,flat,paved,180.0,2.0,4,41.36,4549.6,89.633,193.0,560.56,7.0,8.0,0.214300518134715,110.00000000000001,0.061937846717294125,0.23575129533678757,1.0,0.0,0.0,1.0,2.0,8881145.34,12061341.28
174.1,68.5,2.0,luxury,Matara,1.0,sloped,paved,900.8,2.0,4,69.543,7649.7,148.509,348.2,874.61,8.0,10.0,0.19972142446869617,109.99956861222552,0.048494219348490714,0.1967260195290063,1.07,1.0,0.0,2.0,1.0,15821684.94,24601258.15
189.3,58.7,2.0,mid,Badulla,0.0,rocky,paved,379.4,3.0,5,69.927,7692.0,153.214,378.6,791.28,9.0,10.0,0.18469889064976228,110.00042901883391,0.05838265353836288,0.15504490227152667,1.11,3.0,0.0,1.0,2.0,16518548.72,22603809.17
312.5,77.8,1.0,economy,Vavuniya,0.0,sloped,none,469.8,2.0,6,65.317,7184.9,91.704,312.5,451.24,8.0,10.0,0.2090144,110.0004592984981,0.09349593495934959,0.24896,1.18,1.0,3.0,0.0,1.0,14896107.94,19626321.61
101.3,46.6,1.0,mid,Kurunegala,0.0,flat,paved,535.2,2.0,6,28.638,3150.2,51.474,101.3,319.68,9.0,12.0,0.28270483711747285,110.00069837279138,0.14630156903132005,0.46001974333662393,1.03,0.0,0.0,1.0,1.0,6466165.58,8895990.35
109.8,55.0,1.0,mid,Gampaha,1.0,flat,gravel,185.6,3.0,6,32.247,3547.2,56.238,109.8,323.4,10.0,12.0,0.2936885245901639,110.00093031909945,0.14945652173913046,0.5009107468123861,1.02,0.0,1.0,1.0,0.0,7013816.89,10680302.84
140.4,49.3,3.0,luxury,Matara,0.0,flat,gravel,80.0,1.0,7,73.191,8051.0,175.871,421.20000000000005,937.98,10.0,17.0,0.17376780626780625,109.99986337117952,0.0671213480474281,0.11704653371320035,1.07,0.0,1.0,2.0,1.0,17524562.31,24107122.86
123.3,46.8,1.0,mid,Mullaitivu,0.0,flat,paved,445.5,2.0,7,31.128,3424.1,44.974,123.3,269.57,10.0,14.0,0.25245742092457424,110.0006425083526,0.21261025305242076,0.3795620437956204,1.22,0.0,0.0,1.0,1.0,8074081.02,9270836.06
71.3,41.6,2.0,mid,Kurunegala,0.0,flat,paved,239.8,2.0,4,33.733,3710.6,68.415,142.6,539.14,7.0,8.0,0.23655680224403927,109.99911066314885,0.06556816238097954,0.29172510518934086,1.03,0.0,0.0,1.0,2.0,7517286.34,12093761.27
112.3,54.1,2.0,mid,Gampaha,1.0,flat,paved,586.8,4.0,3,48.197,5301.7,100.497,224.6,612.41,8.0,6.0,0.21459038290293858,110.0006224453804,0.05164063251756102,0.2408726625111309,1.02,0.0,0.0,1.0,1.0,10297177.37,13682102.53
96.6,50.9,2.0,mid,Galle,0.0,sloped,gravel,362.6,3.0,2,43.178,4749.6,87.719,193.2,602.66,6.0,4.0,0.22348861283643892,110.00046319885128,0.037393509787344736,0.2634575569358178,1.06,1.0,1.0,1.0,2.0,9475564.48,11720420.87
92.1,42.0,1.0,mid,Gampaha,1.0,flat,gravel,971.9,2.0,5,25.614,2817.5,41.554,92.1,238.56,8.0,10.0,0.2781107491856678,109.99843835402514,0.1820420367601794,0.45602605863192186,1.02,0.0,1.0,1.0,1.0,5583274.11,6914052.22
108.3,43.4,1.0,mid,Matale,0.0,hilly,paved,1126.8,1.0,4,28.192,3101.1,36.595,108.3,268.21,6.0,8.0,0.2603139427516159,109.99929057888762,0.12068513174168884,0.4007386888273315,1.08,2.0,0.0,1.0,1.0,5974234.58,7269661.62
96.9,41.9,1.0,mid,Matale,0.0,sloped,paved,478.6,1.0,3,26.201,2882.1,31.695,96.9,240.51,5.0,6.0,0.2703921568627451,109.99961833517804,0.11334109846787922,0.43240454076367385,1.08,1.0,0.0,1.0,1.0,5364167.09,9201196.62
325.4,100.3,1.0,mid,Kilinochchi,0.0,flat,track,459.4,4.0,5,74.653,8211.8,98.466,325.4,589.76,10.0,10.0,0.22941917639827908,109.9995981407311,0.08475200825410863,0.3082360172095882,1.16,0.0,2.0,1.0,1.0,16532459.27,25609842.46
79.0,43.1,1.0,economy,Hambantota,0.0,flat,paved,244.3,2.0,3,24.535,2698.8,33.451,79.0,281.87,5.0,5.0,0.31056962025316454,109.99796209496638,0.08870034708831469,0.5455696202531646,1.09,0.0,0.0,0.0,1.0,5120223.83,5543413.28
87.7,47.9,1.0,mid,Ampara,0.0,sloped,paved,210.0,1.0,8,27.207,2992.8,39.846,87.7,308.48,10.0,16.0,0.3102280501710376,110.00110265740435,0.18931239711282766,0.5461801596351197,1.12,1.0,0.0,1.0,2.0,6550616.72,7803516.86
135.6,61.5,1.0,economy,Kalutara,1.0,flat,track,327.7,1.0,2,38.153,4196.8,60.092,135.6,426.81,4.0,3.0,0.2813643067846608,109.99921369223915,0.03729268970629112,0.4535398230088496,1.04,0.0,2.0,0.0,2.0,7431995.35,9079566.96
73.9,37.9,1.0,mid,Kegalle,0.0,sloped,paved,313.0,3.0,5,22.122,2433.4,41.897,73.9,241.04,9.0,10.0,0.2993504736129905,109.99909592261098,0.17427716849451647,0.5128552097428958,1.06,1.0,0.0,1.0,1.0,5379259.91,6428365.87
119.9,48.7,2.0,economy,Trincomalee,1.0,flat,paved,457.6,2.0,6,48.229,5305.2,99.271,239.8,559.08,8.0,10.0,0.20112176814011676,110.00020734412905,0.07603305785123966,0.2030859049207673,1.14,0.0,0.0,0.0,1.0,11490058.32,17240337.37
105.9,57.3,1.0,mid,Galle,0.0,flat,gravel,254.9,1.0,6,32.554,3580.9,44.173,105.9,328.9,8.0,12.0,0.3074032105760151,109.99877127234748,0.13409124034397318,0.5410764872521245,1.06,0.0,1.0,1.0,1.0,6831473.89,9538374.21
142.1,65.8,2.0,economy,Trincomalee,0.0,flat,paved,217.2,3.0,4,60.106,6611.7,105.057,284.2,752.75,7.0,7.0,0.21149190710767066,110.00066549096596,0.04215928879112822,0.2315270935960591,1.14,0.0,0.0,0.0,1.0,13334412.99,19115123.73
89.4,41.3,1.0,mid,Puttalam,1.0,flat,gravel,392.7,2.0,4,25.411,2795.2,46.774,89.4,288.27,7.0,8.0,0.2842393736017897,109.99960646963912,0.12860178178700563,0.4619686800894854,1.06,0.0,1.0,1.0,0.0,5829137.89,6993201.93
94.0,52.5,1.0,mid,Vavuniya,0.0,sloped,gravel,453.9,2.0,5,29.474,3242.1,42.098,94.0,301.35,8.0,10.0,0.3135531914893617,109.99864287168351,0.13365617433414045,0.5585106382978723,1.18,1.0,1.0,1.0,1.0,6973352.47,9593816.97
98.8,42.7,1.0,economy,Kandy,0.0,hilly,gravel,1301.3,2.0,4,26.911,2960.2,49.595,98.8,282.67,6.0,7.0,0.2723785425101215,109.99962840474154,0.11271109770808203,0.4321862348178138,1.05,2.0,1.0,0.0,3.0,5892365.88,7271889.29
308.4,92.2,2.0,economy,Gampaha,1.0,flat,track,117.3,1.0,2,112.863,12414.9,216.6,616.8,1228.1,4.0,3.0,0.18298151750972763,109.99973419101033,0.014174282041800927,0.14948119325551235,1.02,0.0,2.0,0.0,1.0,22006038.93,33156016.19
69.7,43.6,3.0,mid,Ratnapura,0.0,hilly,track,434.8,2.0,5,44.376,4881.4,128.786,209.10000000000002,850.2,8.0,10.0,0.21222381635581059,110.00090138813773,0.04760645331922772,0.20851267336202772,1.08,2.0,2.0,1.0,1.0,11488341.75,13824450.95
130.0,48.6,1.0,mid,Batticaloa,1.0,flat,paved,382.2,3.0,4,32.753,3602.8,56.783,130.0,294.52,8.0,8.0,0.2519461538461538,109.99908405336916,0.12981057532893578,0.3738461538461539,1.13,0.0,0.0,1.0,1.0,7795744.81,10033382.78
130.0,46.6,2.0,mid,Kurunegala,0.0,flat,none,240.9,2.0,6,50.367,5540.4,109.233,260.0,622.58,9.0,12.0,0.19371923076923075,110.00059562808983,0.08219597699193357,0.17923076923076925,1.03,0.0,3.0,1.0,1.0,11361510.29,13738904.63
60.2,32.6,1.0,economy,Colombo,0.0,flat,paved,199.2,2.0,6,18.545,2040.0,23.902,60.2,191.04,8.0,10.0,0.30805647840531564,110.00269614451334,0.2343219379669459,0.5415282392026578,1.0,0.0,0.0,0.0,0.0,4008581.63,6522594.44
249.1,88.1,2.0,luxury,Gampaha,1.0,flat,track,752.2,1.0,7,96.316,10594.8,206.685,498.2,1209.97,10.0,17.0,0.1933279807306303,110.00041529963868,0.05096513689186527,0.17683661180248894,1.02,0.0,2.0,2.0,2.0,21009385.67,29159829.25
195.1,75.2,2.0,economy,Colombo,1.0,flat,gravel,488.6,1.0,3,76.858,8454.4,149.052,390.2,872.32,4.0,5.0,0.196970784213224,110.00026022014623,0.023624473585099465,0.1927216811891338,1.0,0.0,1.0,0.0,0.0,14752228.86,21099269.59
89.8,52.0,2.0,economy,Ratnapura,0.0,rocky,paved,758.1,2.0,3,42.3,4653.0,91.974,179.6,642.72,5.0,5.0,0.23552338530066813,110.00000000000001,0.03771295521996491,0.289532293986637,1.08,3.0,0.0,0.0,0.0,9302043.53,12362669.01
102.3,53.6,1.0,economy,Kalutara,0.0,flat,paved,369.1,2.0,3,31.157,3427.3,52.091,102.3,356.98,5.0,5.0,0.30456500488758553,110.0009628654877,0.06498276544047014,0.5239491691104594,1.04,0.0,0.0,0.0,2.0,6306855.53,7664598.95
149.3,55.8,1.0,mid,Colombo,1.0,flat,paved,757.5,2.0,7,37.487,4123.6,63.86,149.3,338.15,10.0,14.0,0.2510850636302746,110.00080027742952,0.1615357602715674,0.3737441393168117,1.0,0.0,0.0,1.0,3.0,8068761.6,12393489.91
154.2,65.6,1.0,mid,Kalutara,1.0,flat,paved,322.8,3.0,3,41.384,4552.2,55.443,154.2,376.54,7.0,6.0,0.26837872892347603,109.99903344287647,0.07851478388740088,0.4254215304798962,1.04,0.0,0.0,1.0,0.0,8119772.08,10768656.56
71.3,43.4,2.0,mid,Kegalle,0.0,sloped,paved,517.4,1.0,4,34.326,3775.9,69.42,142.6,571.14,6.0,8.0,0.24071528751753157,110.00116529744217,0.05833967460231185,0.30434782608695654,1.06,1.0,0.0,1.0,1.0,7789456.1,10778232.79
159.0,59.2,1.0,mid,Vavuniya,0.0,flat,none,421.0,4.0,2,39.894,4388.3,60.356,159.0,361.12,7.0,4.0,0.25090566037735845,109.99899734295884,0.07080289928077688,0.37232704402515726,1.18,0.0,3.0,1.0,1.0,9323020.12,12819323.53
71.4,34.6,1.0,economy,Kegalle,0.0,hilly,track,555.0,2.0,3,20.498,2254.8,27.489,71.4,195.14,5.0,5.0,0.28708683473389357,110.00097570494682,0.12110362257792756,0.484593837535014,1.06,2.0,2.0,0.0,3.0,4283849.06,4844606.25
133.1,59.2,1.0,luxury,Kalutara,0.0,sloped,paved,714.2,2.0,4,36.885,4057.4,53.983,133.1,417.72,8.0,10.0,0.27712246431254695,110.00135556459266,0.10203327171903881,0.44477836213373406,1.04,1.0,0.0,2.0,1.0,7784858.13,10938034.11
77.5,40.0,1.0,economy,Badulla,0.0,rocky,gravel,244.8,1.0,4,23.476,2582.4,43.274,77.5,270.4,5.0,7.0,0.30291612903225806,110.00170386777987,0.10452961672473868,0.5161290322580645,1.11,3.0,1.0,0.0,1.0,5352276.36,6268913.5
51.6,35.2,1.0,mid,Kandy,0.0,hilly,paved,177.0,2.0,5,18.339,2017.3,29.545,51.6,221.06,8.0,10.0,0.35540697674418603,110.00054528600252,0.18456600240738263,0.6821705426356589,1.05,2.0,0.0,1.0,1.0,4323801.22,5417480.47
95.0,41.5,2.0,economy,Badulla,0.0,hilly,paved,702.8,2.0,7,39.543,4349.7,94.634,190.0,524.56,9.0,12.0,0.20812105263157896,109.99924133222062,0.09040880503144655,0.21842105263157896,1.11,2.0,0.0,0.0,3.0,9907527.11,12586563.42
98.0,43.9,1.0,luxury,Hambantota,0.0,flat,track,636.4,1.0,5,26.954,2964.9,43.753,98.0,267.35,8.0,12.0,0.2750408163265306,109.99851599020553,0.17329716696805306,0.4479591836734694,1.09,0.0,2.0,2.0,0.0,6324007.97,9753430.26
123.1,53.5,2.0,economy,Monaragala,0.0,sloped,paved,344.9,3.0,5,50.924,5601.6,93.752,246.2,637.72,8.0,8.0,0.20683996750609263,109.99921451574897,0.05676559511322268,0.2173030056864338,1.13,1.0,0.0,0.0,2.0,11683854.31,22242855.04
66.7,37.9,2.0,economy,Polonnaruwa,0.0,flat,track,656.5,1.0,8,30.816,3389.8,64.408,133.4,441.16,9.0,14.0,0.23100449775112442,110.00129802699897,0.12228951870174304,0.28410794602698647,1.1,0.0,2.0,0.0,2.0,7640958.05,9712730.34
128.2,56.1,1.0,economy,Kandy,0.0,hilly,track,337.5,3.0,4,35.062,3856.8,56.538,128.2,334.36,7.0,7.0,0.2734945397815913,109.99942958188353,0.0998728327285134,0.43759750390015606,1.05,2.0,2.0,0.0,1.0,7245992.68,8531656.7
94.1,50.9,4.0,economy,Colombo,1.0,flat,gravel,382.7,2.0,6,71.106,7821.7,225.909,376.4,1408.91,8.0,10.0,0.18891073326248672,110.0005625404326,0.02885741370657447,0.13522848034006377,1.0,0.0,1.0,0.0,2.0,16924619.26,20737852.8
87.3,45.6,1.0,mid,Kegalle,0.0,hilly,track,656.2,2.0,6,26.39,2902.9,44.595,87.3,281.81,9.0,12.0,0.30229095074455903,110.0,0.17184331305368772,0.5223367697594502,1.06,2.0,2.0,1.0,2.0,6084969.58,10048344.89
118.1,54.1,2.0,mid,Gampaha,1.0,flat,track,434.2,2.0,5,49.73,5470.3,80.924,236.2,625.4,8.0,10.0,0.21054191363251482,110.00000000000001,0.06759294029290273,0.22904318374259103,1.02,0.0,2.0,1.0,2.0,10230220.46,22460539.18
139.7,65.4,1.0,luxury,Anuradhapura,0.0,flat,gravel,185.7,2.0,6,39.875,4386.2,69.429,139.7,453.22,10.0,14.0,0.2854330708661418,109.99874608150469,0.12363375739114854,0.4681460272011454,1.09,0.0,1.0,2.0,3.0,9296297.96,18497493.96
123.1,46.3,1.0,mid,Kandy,0.0,sloped,paved,154.9,1.0,6,30.97,3406.7,49.827,123.1,269.47,8.0,12.0,0.25158407798537774,110.0,0.1648331959723367,0.3761169780666125,1.05,1.0,0.0,1.0,0.0,6897322.52,9643557.96
109.6,56.7,1.0,mid,Kalutara,0.0,flat,track,938.3,1.0,5,32.902,3619.2,47.41,109.6,335.66,7.0,10.0,0.3002007299270073,109.99939213421676,0.1186898582399903,0.5173357664233578,1.04,0.0,2.0,1.0,1.0,6646523.99,7370149.11
51.0,36.7,1.0,economy,Ratnapura,0.0,hilly,gravel,675.9,3.0,4,18.885,2077.4,33.727,51.0,231.21,7.0,7.0,0.37029411764705883,110.00264760391845,0.14041514041514044,0.719607843137255,1.08,2.0,1.0,0.0,3.0,4484663.75,4805332.78
107.2,55.0,1.0,economy,Nuwara Eliya,0.0,rocky,paved,884.3,2.0,4,31.949,3514.4,51.483,107.2,327.8,6.0,7.0,0.29803171641791043,110.0003129988419,0.09789156626506025,0.5130597014925373,1.1,3.0,0.0,0.0,2.0,6859162.11,10182001.58
79.3,36.8,2.0,luxury,Anuradhapura,0.0,flat,none,333.2,1.0,5,33.56,3691.6,57.989,158.6,437.4,8.0,12.0,0.21160151324085752,109.99999999999999,0.10840874811463047,0.23203026481715006,1.09,0.0,3.0,2.0,2.0,7952156.14,12030142.03
63.6,34.8,1.0,mid,Colombo,1.0,flat,gravel,876.3,2.0,8,19.77,2174.7,32.529,63.6,226.9,11.0,16.0,0.31084905660377354,110.0,0.2643228058227633,0.5471698113207547,1.0,0.0,1.0,1.0,2.0,4806088.19,7382080.73
128.8,61.5,1.0,economy,Anuradhapura,0.0,flat,none,253.4,3.0,3,37.145,4085.9,63.754,128.8,402.21,6.0,5.0,0.2883928571428571,109.99865392381209,0.0628555812277956,0.4774844720496894,1.09,0.0,3.0,0.0,0.0,7920528.63,11697841.75
110.3,55.7,1.0,mid,Matara,1.0,sloped,paved,1093.8,1.0,4,32.505,3575.6,45.441,110.3,325.29,6.0,8.0,0.2946962828649139,110.00153822488846,0.09732801354128884,0.5049864007252947,1.07,1.0,0.0,1.0,1.0,6588677.74,10002189.42
116.6,46.9,1.0,mid,Gampaha,1.0,flat,paved,419.3,2.0,4,30.647,3371.2,54.592,116.6,322.67,7.0,8.0,0.26283876500857634,110.0009788886351,0.10635674209260744,0.40222984562607206,1.02,0.0,0.0,1.0,1.0,6640294.13,7947964.29
117.6,53.3,1.0,mid,Puttalam,1.0,flat,paved,924.4,2.0,8,32.746,3602.1,49.044,117.6,318.73,11.0,16.0,0.278452380952381,110.00122152323947,0.18650888995675158,0.4532312925170068,1.06,0.0,0.0,1.0,1.0,7384602.72,11246088.03
215.9,76.4,1.0,economy,Jaffna,1.0,flat,track,131.6,1.0,3,53.024,5832.6,86.674,215.9,473.68,4.0,5.0,0.2455951829550718,109.99924562462282,0.04465634033740346,0.3538675312644743,1.11,0.0,2.0,0.0,0.0,10962885.98,16280773.34
84.3,47.9,2.0,luxury,Nuwara Eliya,0.0,hilly,gravel,817.2,3.0,5,39.507,4345.8,100.56,168.6,702.12,10.0,12.0,0.2343238434163701,110.00075935910093,0.07624500866420554,0.28410438908659547,1.1,2.0,1.0,2.0,2.0,10400969.22,20418012.72
70.0,43.0,1.0,luxury,Puttalam,1.0,flat,paved,908.6,2.0,6,23.412,2575.3,43.776,70.0,300.7,10.0,14.0,0.33445714285714284,109.99914573722879,0.18839590443686008,0.6142857142857143,1.06,0.0,0.0,2.0,1.0,5814557.17,9436057.49
109.3,53.8,1.0,mid,Polonnaruwa,0.0,flat,paved,361.5,2.0,5,31.851,3503.6,52.561,109.3,320.65,8.0,10.0,0.29140896614821593,109.99968603811497,0.12965862824929536,0.4922232387923147,1.1,0.0,0.0,1.0,1.0,7233142.12,10001889.84
150.6,55.5,4.0,economy,Ratnapura,0.0,rocky,paved,273.6,4.0,7,99.817,10979.9,222.215,602.4,1269.84,11.0,12.0,0.1656988711819389,110.00030055000651,0.04309361660529831,0.09213147410358566,1.08,3.0,0.0,0.0,2.0,22360585.97,25635258.89
343.1,76.4,2.0,economy,Puttalam,0.0,flat,paved,362.2,2.0,3,115.389,12692.8,261.288,686.2,1017.65,5.0,5.0,0.16815651413582045,110.00008666337345,0.024305702329120348,0.11133780238997378,1.06,0.0,0.0,0.0,2.0,24733536.49,31665511.66
109.4,51.2,1.0,mid,Kandy,0.0,hilly,paved,250.2,1.0,2,31.104,3421.4,47.041,109.4,333.82,4.0,4.0,0.28431444241316267,109.99871399176955,0.05430612124431852,0.4680073126142596,1.05,2.0,0.0,1.0,1.0,6219372.36,8048755.7
174.4,55.7,1.0,mid,Ratnapura,0.0,hilly,paved,257.2,2.0,6,40.704,4477.4,71.772,174.4,355.37,9.0,12.0,0.23339449541284404,109.99901729559747,0.14105072569576263,0.31938073394495414,1.08,2.0,0.0,1.0,1.0,9301269.38,11110225.71
91.7,43.3,1.0,mid,Kurunegala,0.0,sloped,paved,686.4,3.0,2,26.278,2890.6,48.889,91.7,298.77,6.0,4.0,0.2865648854961832,110.00076109292945,0.07716826035900017,0.47219193020719735,1.03,1.0,0.0,1.0,1.0,5692271.63,8196391.0
98.4,54.9,2.0,mid,Vavuniya,0.0,flat,paved,630.9,2.0,4,45.416,4995.8,99.109,196.8,693.94,7.0,8.0,0.2307723577235772,110.00088074687336,0.048753603527217235,0.2789634146341463,1.18,0.0,0.0,1.0,1.0,11479933.55,18141492.49
162.0,60.5,1.0,mid,Nuwara Eliya,0.0,rocky,paved,383.3,1.0,4,40.638,4470.2,56.151,162.0,341.22,6.0,8.0,0.2508518518518518,110.00049215020424,0.09701425085113434,0.3734567901234568,1.1,3.0,0.0,1.0,3.0,8567232.26,15635682.46
105.2,56.7,1.0,mid,Kegalle,0.0,hilly,gravel,164.9,3.0,8,32.241,3546.5,38.471,105.2,318.65,12.0,16.0,0.30647338403041824,109.9996898359232,0.21887638921931823,0.5389733840304183,1.06,2.0,1.0,1.0,3.0,7053244.48,9447121.56
88.9,45.6,1.0,mid,Colombo,1.0,flat,paved,469.7,2.0,5,26.801,2948.1,48.533,88.9,314.64,8.0,10.0,0.3014735658042744,109.99962687959405,0.13908018947156248,0.5129358830146231,1.0,0.0,0.0,1.0,1.0,5796755.97,7009072.92
129.1,54.8,2.0,mid,Badulla,0.0,hilly,paved,667.8,3.0,4,53.02,5832.2,105.578,258.2,686.1,8.0,8.0,0.20534469403563133,109.99999999999999,0.05546930346833878,0.21223857474825716,1.11,2.0,0.0,1.0,1.0,12372571.35,17805157.1
212.7,77.7,1.0,mid,Gampaha,1.0,flat,paved,1214.1,2.0,5,52.812,5809.3,73.477,212.7,450.66,8.0,10.0,0.24829337094499296,109.99962129818981,0.08994134260265045,0.3653032440056418,1.02,0.0,0.0,1.0,1.0,10421848.07,12453219.99
89.2,40.5,2.0,economy,Gampaha,1.0,flat,paved,193.0,2.0,3,38.068,4187.5,88.986,178.4,554.04,5.0,5.0,0.21338565022421524,110.00052537564359,0.04475840193044933,0.22701793721973093,1.02,0.0,0.0,0.0,2.0,8254748.44,13214516.95
136.1,49.1,1.0,mid,Colombo,1.0,flat,paved,203.9,2.0,3,33.83,3721.3,66.081,136.1,323.08,6.0,6.0,0.24856722997795738,110.00000000000001,0.08228244343082015,0.3607641440117561,1.0,0.0,0.0,1.0,0.0,7063625.73,10006396.11
88.7,45.1,1.0,mid,Gampaha,1.0,flat,paved,212.2,4.0,8,26.515,2916.7,44.737,88.7,294.05,13.0,16.0,0.29892897406989855,110.00188572506127,0.22065634511049356,0.5084554678692221,1.02,0.0,0.0,1.0,1.0,6341349.86,8979612.64
156.4,50.3,1.0,mid,Colombo,0.0,flat,paved,900.6,2.0,3,36.462,4010.8,53.62,156.4,288.72,6.0,6.0,0.23313299232736573,109.9994514837365,0.09326845093268452,0.3216112531969309,1.0,0.0,0.0,1.0,1.0,7195028.99,9259441.58
131.1,62.8,1.0,mid,Kilinochchi,0.0,flat,paved,642.6,2.0,3,37.473,4122.0,48.519,131.1,355.45,6.0,6.0,0.28583524027459956,109.99919942358498,0.08101206375297192,0.479023646071701,1.16,0.0,0.0,1.0,1.0,8047629.66,11774699.39
140.6,56.5,2.0,mid,Ratnapura,0.0,hilly,paved,242.0,3.0,4,57.181,6289.9,143.979,281.2,775.18,8.0,8.0,0.20334637268847794,109.99982511673458,0.04678481527625925,0.20092460881934568,1.08,2.0,0.0,1.0,1.0,13711081.14,18698868.47
89.7,41.8,1.0,mid,Colombo,0.0,flat,gravel,274.3,1.0,6,25.324,2785.6,42.565,89.7,248.29,8.0,12.0,0.28231884057971013,109.99842047069973,0.18596377749029755,0.46599777034559636,1.0,0.0,1.0,1.0,2.0,5454084.1,7100407.88
80.6,38.2,2.0,mid,Puttalam,0.0,flat,track,477.8,1.0,4,34.667,3813.4,79.5,161.2,490.49,6.0,8.0,0.2150558312655087,110.00086537629446,0.06540727198862484,0.23697270471464024,1.06,0.0,2.0,1.0,1.0,8070550.87,11179955.56
69.4,39.3,1.0,mid,Mullaitivu,0.0,flat,paved,215.1,1.0,3,21.922,2411.4,35.798,69.4,240.52,5.0,6.0,0.31587896253602304,109.99908767448225,0.10694509024812952,0.5662824207492795,1.22,0.0,0.0,1.0,1.0,5344735.28,7150147.34
72.7,38.5,1.0,mid,Anuradhapura,0.0,flat,paved,530.2,1.0,7,22.166,2438.3,34.243,72.7,247.17,9.0,14.0,0.3048968363136176,110.00180456555086,0.2182433268699204,0.5295735900962861,1.09,0.0,0.0,1.0,3.0,5406123.75,8996852.95
114.7,57.0,1.0,mid,Monaragala,0.0,sloped,track,234.9,3.0,6,33.912,3730.3,65.508,114.7,380.76,10.0,12.0,0.2956582388840453,109.99941023826375,0.1340823573056336,0.49694856146469046,1.13,1.0,2.0,1.0,1.0,8364729.07,9662549.12
151.8,65.0,1.0,mid,Colombo,1.0,flat,paved,365.3,3.0,6,41.387,4552.6,79.77,151.8,447.2,10.0,12.0,0.27264163372859024,110.00072486529588,0.11446409989594172,0.4281949934123847,1.0,0.0,0.0,1.0,1.0,8909124.61,11043652.0
123.0,48.9,1.0,mid,Colombo,1.0,flat,paved,672.5,3.0,2,31.835,3501.8,46.601,123.0,275.8,6.0,4.0,0.25882113821138214,109.99842940160201,0.08403361344537816,0.39756097560975606,1.0,0.0,0.0,1.0,1.0,6274996.74,7678851.3
129.0,61.1,1.0,economy,Gampaha,1.0,flat,paved,935.4,1.0,8,36.899,4058.9,59.153,129.0,376.38,9.0,14.0,0.2860387596899225,110.00027101005448,0.1519285447600448,0.47364341085271316,1.02,0.0,0.0,0.0,0.0,7632335.49,9541068.69
169.3,70.8,2.0,mid,Kilinochchi,0.0,flat,track,629.1,2.0,3,69.518,7647.0,136.949,338.6,937.39,6.0,6.0,0.2053101004134672,110.00028769527317,0.028215665828375147,0.20909627879503837,1.16,0.0,2.0,1.0,1.0,16281016.71,18467037.13
166.4,62.3,1.0,economy,Hambantota,1.0,flat,gravel,93.7,1.0,6,41.775,4595.3,65.159,166.4,358.85,7.0,10.0,0.25105168269230765,110.00119688809097,0.11197021764032072,0.37439903846153844,1.09,0.0,1.0,0.0,0.0,8959817.58,11502455.49
86.8,44.0,1.0,economy,Gampaha,1.0,flat,none,495.5,1.0,4,25.726,2829.9,33.532,86.8,253.44,5.0,7.0,0.2963824884792627,110.00155484723626,0.10542801482103978,0.5069124423963134,1.02,0.0,3.0,0.0,2.0,4978691.48,5802497.07
88.3,41.4,1.0,mid,Jaffna,1.0,flat,paved,366.4,3.0,5,25.298,2782.8,43.45,88.3,288.14,9.0,10.0,0.2865005662514156,110.00079057633016,0.1616004733377709,0.46885617214043035,1.11,0.0,0.0,1.0,2.0,6185972.24,6333398.29
266.5,87.6,1.0,luxury,Matara,1.0,sloped,paved,496.8,2.0,2,62.714,6898.5,70.28,266.5,516.93,6.0,5.0,0.23532457786116323,109.99936218388238,0.054602352433365704,0.3287054409005628,1.07,1.0,0.0,2.0,1.0,12183331.58,19506281.09
109.6,55.6,1.0,mid,Kegalle,0.0,sloped,gravel,255.6,2.0,2,32.636,3590.0,48.083,109.6,364.74,5.0,4.0,0.29777372262773727,110.0012256403971,0.06045560747663551,0.5072992700729927,1.06,1.0,1.0,1.0,2.0,6564039.38,7498272.34
123.9,55.5,1.0,economy,Trincomalee,1.0,sloped,none,730.3,2.0,3,34.125,3753.8,44.922,123.9,320.79,5.0,5.0,0.2754237288135593,110.00146520146521,0.06854213851472167,0.4479418886198547,1.14,1.0,3.0,0.0,3.0,7229709.71,10179746.3
53.0,37.2,1.0,luxury,Nuwara Eliya,0.0,rocky,paved,681.4,2.0,5,19.275,2120.2,35.487,53.0,244.52,9.0,12.0,0.3636792452830188,109.99740596627755,0.20520882015549985,0.7018867924528303,1.1,3.0,0.0,2.0,1.0,4948357.43,7356076.33
122.5,60.8,2.0,mid,Anuradhapura,0.0,flat,paved,2000.0,1.0,5,54.181,5959.9,116.733,245.0,814.72,7.0,10.0,0.2211469387755102,109.99981543345453,0.04571602282293518,0.24816326530612243,1.09,0.0,0.0,1.0,2.0,12566275.08,15632266.02
191.0,56.8,3.0,economy,Ratnapura,0.0,hilly,paved,381.5,2.0,3,95.619,10518.1,163.004,573.0,1066.7,5.0,5.0,0.1668743455497382,110.0001045817254,0.022791909862951255,0.09912739965095986,1.08,2.0,0.0,0.0,0.0,19551926.85,22973968.38
131.2,55.3,2.0,economy,Ratnapura,0.0,rocky,track,132.9,2.0,5,54.039,5944.3,107.608,262.4,747.66,7.0,8.0,0.20594131097560978,110.00018505153686,0.04979648393522127,0.2107469512195122,1.08,3.0,2.0,0.0,2.0,11907823.84,16216415.9
187.8,57.4,2.0,economy,Batticaloa,1.0,flat,paved,358.2,2.0,3,68.806,7568.7,140.115,375.6,718.65,5.0,5.0,0.1831895633652822,110.00058134465017,0.030918965424530834,0.15282215122470713,1.13,0.0,0.0,0.0,1.0,15505390.06,21060514.44
109.0,45.5,1.0,luxury,Colombo,1.0,flat,gravel,260.6,2.0,5,29.096,3200.6,51.092,109.0,299.07,9.0,12.0,0.2669357798165138,110.0013747594171,0.16455998092058194,0.41743119266055045,1.0,0.0,1.0,2.0,1.0,6456065.02,8379977.58
123.6,58.3,1.0,economy,Gampaha,1.0,flat,paved,280.0,2.0,3,35.428,3897.1,68.09,123.6,391.78,5.0,5.0,0.2866343042071197,110.00056452523428,0.0583474973997311,0.4716828478964401,1.02,0.0,0.0,0.0,1.0,7215738.9,6815944.8
121.8,53.6,2.0,mid,Colombo,1.0,flat,gravel,2000.0,1.0,3,50.395,5543.4,90.422,243.6,602.46,5.0,6.0,0.206876026272578,109.99900783807917,0.04301404332007209,0.2200328407224959,1.0,0.0,1.0,1.0,1.0,9860237.82,13281685.46
144.9,55.3,2.0,luxury,Kalutara,1.0,flat,paved,438.1,1.0,7,57.216,6293.8,135.917,289.8,743.23,10.0,17.0,0.1974327122153209,110.00069910514542,0.0864770021305928,0.19082125603864733,1.04,0.0,0.0,2.0,1.0,13515445.17,20935283.16
95.9,52.4,1.0,mid,Galle,1.0,sloped,paved,216.0,2.0,4,30.101,3311.1,50.491,95.9,364.7,7.0,8.0,0.31387904066736183,109.99966778512342,0.10016549081090498,0.5464025026068822,1.06,1.0,0.0,1.0,1.0,6514455.4,9268311.13
103.5,56.8,2.0,mid,Colombo,1.0,flat,paved,280.8,4.0,6,47.299,5202.9,90.489,207.0,672.51,11.0,12.0,0.2284975845410628,110.00021142096027,0.07992868366976914,0.27439613526570045,1.0,0.0,0.0,1.0,1.0,10229085.18,14434627.5
70.7,37.4,2.0,mid,Puttalam,1.0,flat,track,150.5,2.0,4,32.075,3528.3,71.56,141.4,499.66,7.0,8.0,0.22683875530410186,110.00155884645362,0.06618705035971223,0.26449787835926447,1.06,0.0,2.0,1.0,1.0,7599126.91,9599107.23
123.2,55.4,1.0,mid,Kurunegala,0.0,flat,paved,380.7,3.0,5,34.166,3758.3,56.496,123.2,345.7,9.0,10.0,0.27732142857142855,110.00117075455132,0.12471461187214614,0.4496753246753247,1.03,0.0,0.0,1.0,1.0,7311956.09,11642702.59
161.8,66.4,1.0,mid,Kalutara,0.0,flat,paved,170.4,3.0,5,42.659,4692.5,57.011,161.8,394.42,9.0,10.0,0.2636526576019777,110.00023441712183,0.11493648247021385,0.4103831891223733,1.04,0.0,0.0,1.0,2.0,8616890.61,11841861.88
117.5,54.9,1.0,mid,Galle,1.0,sloped,none,172.9,1.0,8,33.503,3685.3,54.356,117.5,374.42,10.0,16.0,0.285131914893617,109.9991045578008,0.15833509849608135,0.46723404255319145,1.06,1.0,3.0,1.0,0.0,7560560.14,10852218.62
142.2,60.6,1.0,mid,Colombo,1.0,flat,gravel,1759.8,1.0,6,38.32,4215.2,54.516,142.2,361.18,8.0,12.0,0.26947960618846695,110.0,0.12431088530969626,0.4261603375527427,1.0,0.0,1.0,1.0,2.0,7625520.64,10208314.75
93.8,43.4,1.0,mid,Colombo,1.0,flat,gravel,1167.8,3.0,5,26.549,2920.4,39.638,93.8,295.99,9.0,10.0,0.2830383795309169,110.00037666202117,0.1490246896739872,0.4626865671641791,1.0,0.0,1.0,1.0,2.0,5681845.25,8590946.08
130.8,62.5,1.0,economy,Batticaloa,0.0,flat,paved,330.1,2.0,3,37.679,4144.7,58.202,130.8,406.25,5.0,5.0,0.288065749235474,110.00026539982483,0.061339876253467034,0.47782874617737,1.13,0.0,0.0,0.0,1.0,8040409.16,8830667.08
50.7,36.5,2.0,economy,Ratnapura,0.0,hilly,track,627.2,1.0,4,26.51,2916.1,58.157,101.4,442.38,5.0,7.0,0.26143984220907296,109.99999999999999,0.06465820175233097,0.3599605522682446,1.08,2.0,2.0,0.0,0.0,6197430.25,10314464.49
124.5,61.4,1.0,economy,Nuwara Eliya,0.0,rocky,gravel,212.2,2.0,4,36.561,4021.7,57.715,124.5,399.1,6.0,7.0,0.29366265060240965,109.99972648450535,0.07264687302590019,0.4931726907630522,1.1,3.0,1.0,0.0,1.0,7811996.83,10465798.18
90.5,48.6,1.0,economy,Mullaitivu,0.0,flat,paved,231.1,1.0,7,27.746,3052.1,48.671,90.5,283.82,8.0,12.0,0.306585635359116,110.00144164924674,0.15883977900552484,0.5370165745856353,1.22,0.0,0.0,0.0,0.0,7059753.74,7421413.67
150.4,51.5,1.0,luxury,Polonnaruwa,0.0,flat,paved,266.4,1.0,5,36.212,3983.3,63.608,150.4,334.18,8.0,12.0,0.24077127659574468,109.99944769689606,0.1499983695829393,0.3424202127659574,1.1,0.0,0.0,2.0,0.0,8552497.25,12959244.14
72.6,37.8,2.0,economy,Anuradhapura,0.0,flat,gravel,429.4,3.0,3,32.261,3548.7,60.609,145.2,439.99,6.0,5.0,0.22218319559228653,109.99969002820743,0.05513904629064598,0.2603305785123967,1.09,0.0,1.0,0.0,1.0,7261197.85,10676133.44
231.4,69.3,4.0,luxury,Kurunegala,0.0,flat,paved,300.4,2.0,5,147.282,16201.0,287.316,925.6,1746.36,9.0,12.0,0.15912057044079517,109.99986420608084,0.030891438658428947,0.07487035436473638,1.03,0.0,0.0,2.0,2.0,30910511.87,44466477.05
146.9,55.1,1.0,mid,Puttalam,1.0,flat,paved,630.0,1.0,5,36.997,4069.7,64.387,146.9,337.21,7.0,10.0,0.25185159972770593,110.00081087655755,0.11912741453902868,0.3750850918992512,1.06,0.0,0.0,1.0,0.0,7994060.45,12058836.99
117.4,52.8,1.0,economy,Matara,0.0,flat,paved,1320.9,2.0,7,32.571,3582.8,46.817,117.4,315.74,9.0,12.0,0.2774361158432708,109.99969297841639,0.15275625415098518,0.44974446337308344,1.07,0.0,0.0,0.0,1.0,7100537.8,8243854.49
152.0,51.9,1.0,economy,Kurunegala,0.0,flat,paved,263.1,1.0,7,36.633,4029.6,61.838,152.0,337.35,8.0,12.0,0.24100657894736843,109.99918106625174,0.13682331945270673,0.3414473684210526,1.03,0.0,0.0,0.0,2.0,7810682.02,10521237.02
50.0,34.4,3.0,economy,Kandy,0.0,hilly,paved,390.0,1.0,4,32.993,3629.2,83.453,150.0,637.78,5.0,7.0,0.21995333333333333,109.99909071621252,0.04649595687331536,0.22933333333333333,1.05,2.0,0.0,0.0,3.0,7789734.22,9296976.33
142.3,55.3,2.0,economy,Gampaha,1.0,flat,paved,322.6,3.0,8,56.016,6161.8,94.194,284.6,619.36,11.0,14.0,0.19682361208713983,110.00071408169096,0.09594046685465436,0.1943078004216444,1.02,0.0,0.0,0.0,0.0,11619238.9,18844015.98
87.6,39.5,2.0,economy,Badulla,0.0,rocky,paved,646.0,3.0,6,36.873,4056.0,82.675,175.2,518.24,9.0,10.0,0.21046232876712329,109.99918639655033,0.08171278982797309,0.22545662100456623,1.11,3.0,0.0,0.0,1.0,9217528.09,12410931.89
90.4,49.1,2.0,mid,Colombo,1.0,flat,gravel,372.0,1.0,2,41.253,4537.8,83.414,180.8,606.88,4.0,4.0,0.2281692477876106,109.99927278016145,0.032661175802328885,0.27157079646017696,1.0,0.0,1.0,1.0,1.0,8349110.78,13535675.3
58.1,38.6,1.0,mid,Hambantota,1.0,flat,gravel,285.7,2.0,5,20.409,2245.0,32.928,58.1,253.99,8.0,10.0,0.3512736660929432,110.00048997991082,0.16698261606098497,0.6643717728055077,1.09,0.0,1.0,1.0,1.0,4850309.0,6203100.23
127.7,48.0,1.0,mid,Colombo,1.0,flat,paved,486.1,1.0,6,32.534,3578.7,47.053,127.7,328.32,8.0,12.0,0.2547689898198904,109.9987705169976,0.14486363922655413,0.3758809710258418,1.0,0.0,0.0,1.0,1.0,6735664.13,8575201.7
87.8,44.4,3.0,mid,Colombo,0.0,flat,paved,465.4,1.0,4,51.901,5709.1,112.5,263.4,863.14,6.0,8.0,0.1970425208807897,109.99980732548505,0.03859199156249626,0.16856492027334852,1.0,0.0,0.0,1.0,1.0,11030800.38,16485588.84
67.7,40.6,2.0,economy,Nuwara Eliya,0.0,rocky,paved,2000.0,2.0,5,32.448,3569.3,77.3,135.4,513.18,7.0,8.0,0.23964549483013292,110.00061637080869,0.06479725034276806,0.2998522895125554,1.1,3.0,0.0,0.0,2.0,7961571.48,13794492.36
227.7,84.5,1.0,mid,Colombo,0.0,flat,paved,182.7,2.0,6,57.1,6281.0,96.339,227.7,500.24,9.0,12.0,0.25076855511638124,110.0,0.09770998543453634,0.37110232762406675,1.0,0.0,0.0,1.0,1.0,11341334.53,16804673.25
64.4,43.4,1.0,economy,Badulla,0.0,hilly,paved,793.3,2.0,6,22.599,2485.9,37.751,64.4,250.85,8.0,10.0,0.35091614906832297,110.00044249745564,0.16285748003619055,0.6739130434782608,1.11,2.0,0.0,0.0,0.0,5340233.09,6953433.24
141.3,64.3,1.0,economy,Kandy,0.0,hilly,gravel,284.4,1.0,6,39.602,4356.2,63.898,141.3,402.52,7.0,10.0,0.28026893135173386,109.99949497500127,0.10188128615352547,0.4550601556970983,1.05,2.0,1.0,0.0,1.0,8094298.6,10679231.33
254.6,68.6,2.0,mid,Kandy,0.0,sloped,gravel,270.8,1.0,5,90.345,9938.0,190.587,509.2,932.96,7.0,10.0,0.17742537313432835,110.00055343405833,0.044123953325659604,0.13472113118617438,1.05,1.0,1.0,1.0,3.0,19510011.49,20033555.43
86.7,50.0,1.0,mid,Kegalle,0.0,sloped,paved,219.2,2.0,2,27.723,3049.5,40.641,86.7,297.0,5.0,4.0,0.319757785467128,109.99891786603182,0.06802721088435375,0.5767012687427913,1.06,1.0,0.0,1.0,1.0,5560507.23,7855384.4
121.2,49.6,1.0,mid,Mannar,0.0,flat,paved,271.8,2.0,4,32.195,3541.4,60.694,121.2,338.27,7.0,8.0,0.2656353135313531,109.99844696381426,0.10946126023224824,0.40924092409240925,1.15,0.0,0.0,1.0,1.0,7824898.82,11721750.91
124.2,61.0,1.0,luxury,Kandy,0.0,hilly,paved,214.2,2.0,4,36.102,3971.2,54.229,124.2,367.65,8.0,10.0,0.2906763285024154,109.99944601407125,0.1142352584089843,0.49114331723027377,1.05,2.0,0.0,2.0,2.0,7506195.92,9784112.05
93.3,45.4,1.0,mid,Kurunegala,0.0,flat,paved,559.5,1.0,3,27.226,2994.9,50.601,93.3,303.27,5.0,6.0,0.2918113612004287,110.00146918386837,0.08098073106715319,0.4866023579849946,1.03,0.0,0.0,1.0,1.0,5726636.52,8070722.38
135.7,62.3,3.0,mid,Jaffna,1.0,flat,paved,224.6,1.0,7,77.718,8549.0,175.274,407.09999999999997,1278.4,9.0,14.0,0.1909064112011791,110.00025734064181,0.03924245009384065,0.15303365266519284,1.11,0.0,0.0,1.0,1.0,18767591.01,22945734.02
125.0,60.5,1.0,economy,Gampaha,1.0,flat,paved,171.1,4.0,3,36.417,4005.9,69.225,125.0,402.93,7.0,5.0,0.29133600000000004,110.00082379108657,0.06675373675809027,0.484,1.02,0.0,0.0,0.0,1.0,7502143.67,11751269.92
239.9,68.8,2.0,mid,Hambantota,1.0,flat,paved,292.5,2.0,5,86.335,9496.9,199.383,479.8,875.14,8.0,10.0,0.17993955814922882,110.00057913939885,0.04557313166672171,0.14339308045018756,1.09,0.0,0.0,1.0,0.0,19960078.88,30300153.34
168.2,61.3,1.0,economy,Matara,1.0,flat,gravel,232.5,4.0,3,41.915,4610.6,63.159,168.2,386.19,7.0,5.0,0.2491973840665874,109.99880710962664,0.07308354296306104,0.3644470868014269,1.07,0.0,1.0,0.0,1.0,8786057.41,12082397.9
77.0,40.9,1.0,mid,Matale,0.0,hilly,paved,275.7,2.0,7,23.657,2602.3,43.521,77.0,272.39,10.0,14.0,0.30723376623376625,110.00126812359979,0.20906715146006138,0.5311688311688312,1.08,2.0,0.0,1.0,3.0,5901186.36,7810306.35
256.6,68.3,1.0,luxury,Kilinochchi,0.0,flat,gravel,384.5,2.0,7,55.263,6078.9,64.32,256.6,430.29,12.0,17.0,0.21536632891660168,109.99945714130611,0.17522658610271907,0.2661730319563523,1.16,0.0,1.0,2.0,1.0,13009700.6,22180863.29
84.0,43.0,1.0,economy,Matara,1.0,sloped,none,479.5,3.0,5,25.088,2759.7,38.771,84.0,274.34,8.0,8.0,0.2986666666666667,110.00079719387755,0.12979683972911965,0.5119047619047619,1.07,1.0,3.0,0.0,1.0,5631319.13,8010775.09
82.6,45.4,2.0,luxury,Colombo,0.0,flat,track,82.8,1.0,5,37.983,4178.1,75.995,165.2,608.27,8.0,12.0,0.22992130750605327,109.99921017297214,0.08497903234745341,0.27481840193704604,1.0,0.0,2.0,2.0,1.0,8311282.18,15342683.37
117.5,53.6,1.0,luxury,Colombo,1.0,flat,paved,501.3,1.0,6,32.914,3620.5,48.72,117.5,351.19,9.0,14.0,0.28011914893617024,109.99878471167284,0.1653125,0.4561702127659575,1.0,0.0,0.0,2.0,3.0,6849771.52,8649493.25
180.4,57.5,1.0,economy,Vavuniya,0.0,sloped,paved,316.6,1.0,5,41.896,4608.6,47.455,180.4,325.45,6.0,8.0,0.23223946784922395,110.00095474508306,0.09843482514062117,0.3187361419068736,1.18,1.0,0.0,0.0,1.0,9097176.66,12220417.94
138.5,58.5,1.0,mid,Matara,0.0,sloped,paved,409.5,1.0,3,37.291,4102.0,56.16,138.5,383.76,5.0,6.0,0.26924909747292414,109.99973183878149,0.06708206283971895,0.4223826714801444,1.07,1.0,0.0,1.0,2.0,7582124.23,9297217.48
109.9,43.1,3.0,economy,Colombo,0.0,flat,paved,179.0,1.0,4,58.666,6453.3,102.766,329.70000000000005,737.01,5.0,7.0,0.1779375189566272,110.00068182592985,0.03722034172589106,0.13072490142553836,1.0,0.0,0.0,0.0,3.0,11426571.78,14906596.72
84.5,43.3,1.0,economy,Colombo,0.0,flat,track,576.4,1.0,5,25.086,2759.5,40.252,84.5,251.14,6.0,8.0,0.2968757396449704,110.00159451486886,0.12788942727778219,0.5124260355029585,1.0,0.0,2.0,0.0,1.0,4999170.56,7365471.98
110.8,47.3,1.0,mid,Hambantota,1.0,flat,paved,533.5,3.0,4,29.774,3275.1,38.375,110.8,281.91,8.0,8.0,0.2687184115523466,109.99865654597971,0.13163071860356976,0.42689530685920574,1.09,0.0,0.0,1.0,1.0,6532416.25,8832544.81
96.7,42.4,1.0,economy,Jaffna,1.0,flat,paved,764.2,4.0,5,26.533,2918.6,48.271,96.7,276.45,9.0,8.0,0.2743846949327818,109.9988693325293,0.15080803795271341,0.4384694932781799,1.11,0.0,0.0,0.0,2.0,6484173.73,7195603.0
116.1,53.0,2.0,mid,Polonnaruwa,0.0,flat,paved,112.3,3.0,3,49.464,5441.0,99.427,232.2,699.6,7.0,6.0,0.21302325581395348,109.99919133106906,0.04249754821837202,0.22825150732127478,1.1,0.0,0.0,1.0,3.0,11338031.51,14696575.98
77.3,47.3,1.0,mid,Kilinochchi,0.0,flat,paved,357.2,2.0,5,25.755,2833.1,46.057,77.3,309.34,8.0,10.0,0.33318240620957307,110.00194137060765,0.128050477869537,0.611901681759379,1.16,0.0,0.0,1.0,3.0,6418239.24,8802589.38
350.0,83.3,1.0,mid,Vavuniya,0.0,flat,paved,426.4,2.0,4,72.02,7922.2,131.36,350.0,516.46,7.0,8.0,0.20577142857142855,110.0,0.06347045404371182,0.238,1.18,0.0,0.0,1.0,1.0,17263985.58,24220413.93
94.4,41.1,1.0,mid,Polonnaruwa,0.0,flat,gravel,165.6,3.0,4,25.833,2841.6,38.102,94.4,264.68,8.0,8.0,0.27365466101694913,109.99883869469284,0.1357733175914994,0.4353813559322034,1.1,0.0,1.0,1.0,1.0,6051967.54,7520837.98
148.8,49.6,1.0,mid,Anuradhapura,0.0,flat,gravel,901.2,3.0,7,35.645,3920.9,52.001,148.8,338.27,11.0,14.0,0.2395497311827957,109.99859727872071,0.17601322395004285,0.3333333333333333,1.09,0.0,1.0,1.0,0.0,8420501.9,11434774.57
169.8,60.8,1.0,mid,Monaragala,0.0,sloped,track,357.8,3.0,6,41.885,4607.4,59.45,169.8,370.88,10.0,12.0,0.2466725559481743,110.00119374477737,0.14721713072066567,0.35806831566548875,1.13,1.0,2.0,1.0,0.0,9700364.91,13751167.32
109.4,52.7,1.0,mid,Kegalle,0.0,hilly,gravel,640.7,1.0,3,31.741,3491.5,56.484,109.4,345.71,5.0,6.0,0.29013711151736743,109.99968495006459,0.07609480269489895,0.48171846435100546,1.06,2.0,1.0,1.0,1.0,6630017.31,9216592.15
146.4,59.3,3.0,mid,Gampaha,1.0,flat,paved,777.8,1.0,5,79.511,8746.2,146.498,439.20000000000005,1092.31,7.0,10.0,0.18103597449908923,109.99987423123846,0.03717048036428972,0.13501821493624772,1.02,0.0,0.0,1.0,1.0,16381132.37,21971492.82
264.4,69.3,1.0,mid,Hambantota,1.0,flat,paved,697.7,1.0,8,56.502,6215.2,64.386,264.4,410.26,10.0,16.0,0.21369894099848716,109.99964603022902,0.14670526470732545,0.26210287443267777,1.09,0.0,0.0,1.0,2.0,12129454.15,16621687.69
89.2,51.9,1.0,luxury,Galle,1.0,flat,paved,433.6,3.0,3,28.783,3166.1,51.801,89.2,354.22,8.0,7.0,0.3226793721973094,109.99895771809749,0.1023374466065496,0.5818385650224215,1.06,0.0,0.0,2.0,3.0,6464646.18,10286350.03
118.7,57.9,2.0,mid,Colombo,1.0,flat,paved,241.6,1.0,6,51.963,5715.9,124.82,237.4,768.91,8.0,12.0,0.21888374052232518,109.99942266612781,0.05658404575927179,0.2438921651221567,1.0,0.0,0.0,1.0,2.0,11540371.97,18063943.49
140.8,48.7,1.0,economy,Gampaha,1.0,flat,gravel,447.8,2.0,3,34.292,3772.1,57.466,140.8,319.47,5.0,5.0,0.24355113636363634,109.9994167735915,0.06933140411165371,0.3458806818181818,1.02,0.0,1.0,0.0,2.0,6908760.48,7803179.12
146.8,52.5,1.0,luxury,Gampaha,1.0,flat,paved,125.2,1.0,7,36.246,3987.1,63.059,146.8,343.98,10.0,17.0,0.24690735694822888,110.0011035700491,0.2025506376594149,0.3576294277929155,1.02,0.0,0.0,2.0,0.0,8147120.52,16767596.03
134.9,52.5,1.0,luxury,Kalutara,1.0,flat,paved,275.1,3.0,5,34.951,3844.6,50.844,134.9,374.85,10.0,12.0,0.25908821349147515,109.9997138851535,0.14341590612777055,0.38917716827279464,1.04,0.0,0.0,2.0,1.0,7706087.3,10861203.4
178.5,55.6,1.0,mid,Matale,0.0,hilly,paved,228.9,1.0,4,41.179,4529.7,67.904,178.5,353.62,6.0,8.0,0.23069467787114847,110.00024284222539,0.08771451920457642,0.311484593837535,1.08,2.0,0.0,1.0,0.0,8969524.35,10180433.02
153.8,53.5,1.0,mid,Kalutara,1.0,sloped,paved,180.8,2.0,5,37.661,4142.7,58.096,153.8,371.29,8.0,10.0,0.24486996098829647,109.99973447332783,0.11685012701100762,0.34785435630689204,1.04,1.0,0.0,1.0,2.0,8113169.33,9746726.57
163.8,62.5,1.0,mid,Hambantota,1.0,flat,paved,193.4,3.0,5,41.606,4576.7,55.971,163.8,375.0,9.0,10.0,0.254004884004884,110.0009613997981,0.11543134872417986,0.38156288156288154,1.09,0.0,0.0,1.0,2.0,9059601.17,11658768.6
124.8,51.2,3.0,luxury,Batticaloa,0.0,flat,paved,280.9,2.0,2,67.626,7438.9,120.797,374.4,925.75,6.0,5.0,0.18062500000000004,110.00059148848075,0.030638071133608634,0.13675213675213677,1.13,0.0,0.0,2.0,1.0,15393314.31,26920015.56
191.0,74.1,2.0,mid,Colombo,0.0,flat,gravel,215.7,2.0,5,76.322,8395.4,150.513,382.0,987.01,8.0,10.0,0.19979581151832462,109.99973795235974,0.042826109444501916,0.193979057591623,1.0,0.0,1.0,1.0,1.0,15671109.63,25814858.42
112.5,53.2,1.0,mid,Jaffna,1.0,flat,paved,334.7,1.0,5,32.388,3562.7,55.022,112.5,366.02,7.0,10.0,0.28789333333333333,110.000617512659,0.11454854397375051,0.4728888888888889,1.11,0.0,0.0,1.0,1.0,7346303.23,8685554.63
171.1,58.3,2.0,economy,Trincomalee,0.0,sloped,paved,221.4,1.0,5,65.094,7160.3,142.177,342.2,760.23,6.0,8.0,0.19022209234365867,109.99938550404032,0.04172660005960943,0.17036820572764466,1.14,1.0,0.0,0.0,1.0,15248692.53,24687682.52
94.4,45.4,1.0,economy,Kurunegala,0.0,sloped,gravel,418.2,2.0,5,27.125,2983.8,34.094,94.4,266.04,7.0,8.0,0.2873411016949152,110.00184331797236,0.13510867436851381,0.48093220338983045,1.03,1.0,1.0,0.0,0.0,5446383.7,7435193.99
64.8,37.8,1.0,mid,Kandy,0.0,hilly,paved,587.4,2.0,3,20.835,2291.8,33.076,64.8,221.51,6.0,6.0,0.3215277777777778,109.99760019198465,0.13370149687545416,0.5833333333333334,1.05,2.0,0.0,1.0,1.0,4499856.08,5974543.6
118.2,55.6,1.0,mid,Matara,1.0,flat,track,561.3,1.0,7,33.504,3685.4,51.014,118.2,331.38,9.0,14.0,0.2834517766497462,109.99880611270297,0.1625591543236433,0.4703891708967851,1.07,0.0,2.0,1.0,2.0,7435620.31,9936510.97
238.2,66.0,1.0,economy,Kandy,0.0,sloped,gravel,441.4,3.0,5,52.292,5752.1,67.337,238.2,423.72,8.0,8.0,0.21952980688497062,109.99961753231852,0.08836807223129382,0.2770780856423174,1.05,1.0,1.0,0.0,0.0,10553352.5,14427556.82
143.5,48.9,2.0,economy,Colombo,1.0,flat,paved,325.5,3.0,5,54.836,6032.0,92.773,287.0,661.13,8.0,8.0,0.19106620209059233,110.00072944780801,0.05906996902036951,0.17038327526132405,1.0,0.0,0.0,0.0,2.0,10947241.47,14675222.49
180.9,71.6,1.0,economy,Ampara,1.0,flat,paved,357.5,2.0,5,47.241,5196.5,91.368,180.9,501.2,7.0,8.0,0.26114427860696515,109.99978831946827,0.07263922518159807,0.3957987838584853,1.12,0.0,0.0,0.0,2.0,10613835.37,15348818.77
111.3,57.3,2.0,mid,Kalutara,0.0,flat,gravel,351.3,1.0,5,49.325,5425.8,108.695,222.6,666.97,7.0,10.0,0.22158580413297396,110.00101368474404,0.06175374312969866,0.2574123989218329,1.04,0.0,1.0,1.0,2.0,10877476.41,14132535.66
163.3,58.9,1.0,economy,Kegalle,0.0,hilly,paved,595.3,3.0,3,40.549,4460.4,57.178,163.3,392.27,6.0,5.0,0.24830985915492956,110.00024661520628,0.06291497774351577,0.36068585425597055,1.06,2.0,0.0,0.0,1.0,8264431.62,12294470.56
157.1,62.5,1.0,luxury,Galle,1.0,sloped,paved,497.6,1.0,6,40.807,4488.8,62.507,157.1,400.31,9.0,14.0,0.25975175047740295,110.00073516798588,0.14444869204303426,0.3978357733927435,1.06,1.0,0.0,2.0,2.0,8929756.95,15634910.55
65.5,41.9,1.0,luxury,Galle,0.0,sloped,gravel,360.7,2.0,5,22.567,2482.4,44.272,65.5,300.93,9.0,12.0,0.34453435114503816,110.00132937475074,0.16166281755196307,0.6396946564885496,1.06,1.0,1.0,2.0,1.0,5538486.91,8491261.43
134.6,60.5,2.0,mid,Matale,0.0,sloped,paved,406.8,2.0,5,56.878,6256.6,104.199,269.2,774.4,8.0,10.0,0.2112852897473997,110.00035162980414,0.05415162454873647,0.22473997028231799,1.08,1.0,0.0,1.0,2.0,12583577.46,17916127.44
97.0,45.9,1.0,mid,Kalutara,1.0,sloped,paved,233.6,2.0,6,27.809,3059.0,47.789,97.0,302.02,9.0,12.0,0.28669072164948456,110.0003595958143,0.1562348374575449,0.4731958762886598,1.04,1.0,0.0,1.0,1.0,6359730.26,11939588.23
102.4,54.6,1.0,economy,Mullaitivu,0.0,flat,paved,458.3,4.0,7,31.353,3448.8,49.966,102.4,345.07,11.0,12.0,0.306181640625,109.99904315376519,0.15653203136558663,0.533203125,1.22,0.0,0.0,0.0,1.0,8149339.53,7071200.2
335.5,74.0,2.0,luxury,Puttalam,1.0,flat,paved,404.0,2.0,5,111.75,12292.5,146.321,671.0,926.18,9.0,12.0,0.1665424739195231,110.0,0.056158872636792784,0.11028315946348734,1.06,0.0,0.0,2.0,1.0,22665184.44,42212042.8
50.6,30.7,1.0,economy,Anuradhapura,0.0,flat,paved,137.3,1.0,6,16.738,1841.2,25.484,50.6,199.55,7.0,10.0,0.33079051383399205,110.00119488588841,0.20124556075968916,0.6067193675889327,1.09,0.0,0.0,0.0,1.0,4034499.28,5886717.38
58.0,31.0,1.0,luxury,Puttalam,0.0,flat,paved,461.6,1.0,6,17.653,1941.8,22.558,58.0,194.0,9.0,14.0,0.3043620689655172,109.99830057214072,0.30432031294943335,0.5344827586206896,1.06,0.0,0.0,2.0,0.0,4294908.07,6910703.33
259.4,68.0,1.0,luxury,Colombo,1.0,flat,paved,387.2,1.0,5,55.847,6143.2,71.542,259.4,479.81,8.0,12.0,0.21529298380878953,110.00053718194351,0.10876761562470443,0.26214340786430224,1.0,0.0,0.0,2.0,1.0,11091999.74,19954775.61
107.4,46.3,2.0,mid,Puttalam,1.0,flat,paved,912.6,4.0,2,44.383,4882.1,101.229,214.8,579.68,7.0,4.0,0.20662476722532588,109.99932406552058,0.046172095994160056,0.21554934823091246,1.06,0.0,0.0,1.0,1.0,10124721.64,15456527.21
108.6,45.7,1.0,luxury,Gampaha,1.0,flat,paved,319.0,2.0,3,29.077,3198.5,43.309,108.6,295.59,7.0,7.0,0.26774401473296505,110.00103174330226,0.10864797381651313,0.4208103130755065,1.02,0.0,0.0,2.0,2.0,6082013.31,9640660.9
170.9,53.2,1.0,mid,Kandy,0.0,hilly,paved,436.7,2.0,4,39.455,4340.1,61.527,170.9,329.84,7.0,8.0,0.23086600351082504,110.00126726650616,0.10092736155398883,0.3112931538911644,1.05,2.0,0.0,1.0,0.0,8424017.28,10209567.01
77.0,40.5,2.0,luxury,Kalutara,1.0,sloped,gravel,169.9,2.0,5,34.394,3783.3,73.408,154.0,481.38,9.0,12.0,0.22333766233766233,109.99883700645462,0.10167992926613616,0.262987012987013,1.04,1.0,1.0,2.0,3.0,8122559.08,14797922.89
214.0,67.4,1.0,economy,Batticaloa,0.0,flat,track,638.6,3.0,6,49.907,5489.8,88.235,214.0,467.76,9.0,10.0,0.23321028037383176,110.00060111807964,0.09287399315665315,0.3149532710280374,1.13,0.0,2.0,0.0,2.0,11615616.63,13416825.51
99.5,40.9,1.0,luxury,Colombo,0.0,flat,gravel,1737.4,1.0,3,26.374,2901.1,45.257,99.5,270.55,6.0,7.0,0.26506532663316584,109.99848335481914,0.10985780945732447,0.41105527638190953,1.0,0.0,1.0,2.0,2.0,5530328.06,7417706.82
190.7,75.0,4.0,luxury,Kurunegala,0.0,sloped,paved,685.2,1.0,5,128.857,14174.3,280.077,762.8,1820.7,8.0,12.0,0.16892632406921868,110.00023281622263,0.025654181631605953,0.09832197168327216,1.03,1.0,0.0,2.0,2.0,27992613.17,50294520.38
110.0,45.7,1.0,economy,Badulla,0.0,hilly,none,287.0,1.0,3,29.264,3219.0,44.438,110.0,283.34,4.0,5.0,0.2660363636363636,109.99863313285948,0.07271577616187165,0.41545454545454547,1.11,2.0,3.0,0.0,2.0,6182621.43,7536928.78
207.3,58.2,1.0,mid,Hambantota,0.0,flat,gravel,524.6,3.0,4,45.469,5001.6,61.852,207.3,329.41,8.0,8.0,0.2193391220453449,110.00021993006224,0.107740953273217,0.28075253256150506,1.09,0.0,1.0,1.0,2.0,9803236.63,10951759.24
115.1,43.8,3.0,luxury,Kalutara,1.0,sloped,paved,204.1,1.0,5,60.761,6683.7,105.558,345.29999999999995,775.39,8.0,12.0,0.1759658268172604,109.99983542074685,0.060380132311246455,0.1268462206776716,1.04,1.0,0.0,2.0,1.0,13081105.49,22655894.4
195.8,72.3,1.0,mid,Galle,0.0,flat,paved,276.4,2.0,3,48.879,5376.7,72.986,195.8,412.11,6.0,6.0,0.24963738508682326,110.00020458683689,0.06808258713831127,0.3692543411644535,1.06,0.0,0.0,1.0,1.0,9768201.82,10607771.66
101.9,56.2,3.0,mid,Anuradhapura,0.0,flat,paved,430.1,2.0,6,61.494,6764.3,132.386,305.70000000000005,974.51,9.0,12.0,0.20115799803729142,109.99934953003546,0.05348244934115823,0.18384036637226037,1.09,0.0,0.0,1.0,0.0,14342039.88,23985765.71
102.5,51.6,1.0,mid,Colombo,1.0,flat,paved,90.4,1.0,6,30.222,3324.4,50.083,102.5,313.73,8.0,12.0,0.2948487804878049,109.99933823042817,0.14402454679232285,0.5034146341463415,1.0,0.0,0.0,1.0,1.0,6241218.56,6416176.69
132.3,54.2,1.0,economy,Ratnapura,0.0,hilly,gravel,387.4,3.0,6,34.813,3829.4,59.673,132.3,317.61,9.0,10.0,0.2631368102796674,109.99913825295148,0.13580707315557214,0.4096749811035525,1.08,2.0,1.0,0.0,1.0,7790860.8,8089848.99
141.4,56.2,1.0,luxury,Kalutara,1.0,sloped,paved,757.6,2.0,5,36.631,4029.4,53.28,141.4,334.0,9.0,12.0,0.25905940594059407,109.99972700717971,0.16235294117647062,0.39745403111739747,1.04,1.0,0.0,2.0,2.0,7749861.42,12558437.54
146.5,56.7,1.0,mid,Kegalle,0.0,sloped,paved,333.8,1.0,5,37.618,4138.0,64.648,146.5,351.54,7.0,10.0,0.25677815699658707,110.00053166037534,0.1129046230256129,0.3870307167235495,1.06,1.0,0.0,1.0,1.0,8184567.65,14485417.97
70.1,44.7,2.0,mid,Kalutara,1.0,flat,gravel,314.5,2.0,5,34.31,3774.1,81.772,140.2,518.52,8.0,10.0,0.24472182596291017,109.99999999999999,0.08029947436817503,0.318830242510699,1.04,0.0,1.0,1.0,0.0,7999399.12,12683351.77
78.8,39.6,1.0,economy,Colombo,1.0,flat,paved,1071.9,1.0,5,23.073,2538.0,34.992,78.8,223.34,6.0,8.0,0.2928045685279188,109.99869977896242,0.13906283740012956,0.5025380710659899,1.0,0.0,0.0,0.0,2.0,4680425.98,5368308.51
165.0,61.8,1.0,mid,Gampaha,1.0,flat,track,106.7,1.0,4,41.45,4559.5,52.225,165.0,355.97,6.0,8.0,0.2512121212121212,109.99999999999999,0.09570515678406895,0.3745454545454545,1.02,0.0,2.0,1.0,1.0,7934828.91,12481025.63
91.2,40.9,2.0,economy,Anuradhapura,0.0,flat,track,241.2,1.0,6,38.064,4187.0,68.879,182.4,462.99,7.0,10.0,0.20868421052631578,109.9989491382934,0.08678089488636365,0.22423245614035087,1.09,0.0,2.0,0.0,0.0,8549026.05,15267724.82
128.7,47.4,2.0,luxury,Monaragala,0.0,sloped,gravel,520.5,1.0,6,50.049,5505.4,82.09,257.4,625.11,9.0,14.0,0.19444055944055946,110.00019980419188,0.09431103029006435,0.18414918414918416,1.13,1.0,1.0,2.0,0.0,11867691.17,25729832.96
175.1,53.7,1.0,mid,Gampaha,1.0,flat,gravel,367.4,2.0,6,40.273,4430.0,54.663,175.1,355.49,9.0,12.0,0.23000000000000004,109.99925508405134,0.13526759458929624,0.30668189605939467,1.02,0.0,1.0,1.0,2.0,8400410.05,9671593.81
113.6,58.5,2.0,economy,Kandy,0.0,hilly,gravel,293.7,2.0,4,51.045,5614.9,139.263,227.2,804.96,6.0,7.0,0.2246698943661972,109.99902047213241,0.036437197626098296,0.2574823943661972,1.05,2.0,1.0,0.0,2.0,11909528.6,14874831.25
74.9,46.4,2.0,economy,Kurunegala,0.0,flat,paved,273.0,2.0,6,36.183,3980.1,79.947,149.8,564.22,8.0,10.0,0.24154205607476634,109.99917088135312,0.07425343018563357,0.3097463284379172,1.03,0.0,0.0,0.0,2.0,8172746.31,7533381.76
276.1,82.4,1.0,mid,Kandy,0.0,sloped,paved,490.6,2.0,5,62.333,6856.6,86.916,276.1,482.86,8.0,10.0,0.2257624049257515,109.99951871400383,0.09262573832110257,0.2984425932633104,1.05,1.0,0.0,1.0,1.0,12664502.86,18477843.34
103.0,54.8,2.0,mid,Kandy,0.0,sloped,none,180.5,3.0,6,46.908,5159.9,117.09,206.0,751.86,10.0,12.0,0.22770873786407766,110.00042636650464,0.06800069882141081,0.26601941747572816,1.05,1.0,3.0,1.0,1.0,11358795.03,18569120.46
88.9,44.8,1.0,mid,Kalutara,0.0,sloped,paved,251.4,3.0,6,26.322,2895.4,42.683,88.9,272.38,10.0,12.0,0.2960854893138357,109.99924017931768,0.18048867487069736,0.5039370078740156,1.04,1.0,0.0,1.0,0.0,6067755.5,9822399.5
130.4,51.1,1.0,mid,Trincomalee,0.0,flat,gravel,630.6,4.0,3,33.795,3717.5,51.08,130.4,348.5,8.0,6.0,0.25916411042944787,110.00147950880307,0.09862476645532788,0.3918711656441718,1.14,0.0,1.0,1.0,2.0,7853958.39,10399838.66
169.6,64.6,1.0,economy,Vavuniya,0.0,sloped,gravel,290.9,1.0,5,43.399,4773.9,60.593,169.6,430.24,6.0,8.0,0.25589033018867924,110.00023042005576,0.07272070281623343,0.3808962264150943,1.18,1.0,1.0,0.0,1.0,9741290.97,16322753.98
98.4,40.0,1.0,luxury,Gampaha,1.0,flat,paved,199.4,2.0,4,26.062,2866.8,44.792,98.4,279.72,8.0,10.0,0.26485772357723575,109.99923259918656,0.16589861751152077,0.4065040650406504,1.02,0.0,0.0,2.0,1.0,5852922.29,8600989.52
122.5,51.3,1.0,mid,Colombo,1.0,flat,track,2000.0,3.0,4,32.689,3595.8,52.239,122.5,321.14,8.0,8.0,0.26684897959183673,110.00030591330417,0.1140660839377596,0.4187755102040816,1.0,0.0,2.0,1.0,1.0,6709478.4,6552773.32
335.7,79.9,2.0,mid,Monaragala,0.0,hilly,paved,288.2,2.0,5,113.745,12512.0,172.881,671.4,930.04,8.0,10.0,0.16941465594280608,110.00043957976175,0.04495309242529535,0.11900506404527854,1.13,2.0,0.0,1.0,2.0,24593753.05,30128764.26
177.6,69.1,1.0,mid,Matara,1.0,sloped,gravel,1408.1,4.0,5,45.898,5048.8,70.476,177.6,456.06,10.0,10.0,0.2584346846846847,110.00043574883436,0.10745153001635133,0.38907657657657657,1.07,1.0,1.0,1.0,2.0,9922239.77,16082113.56
135.1,51.1,1.0,mid,Colombo,0.0,flat,none,343.8,4.0,2,34.147,3756.2,56.035,135.1,310.69,7.0,4.0,0.2527535159141377,110.00087855448503,0.07962735656060177,0.37823834196891193,1.0,0.0,3.0,1.0,2.0,6986328.58,8831744.16
132.1,46.2,2.0,mid,Polonnaruwa,0.0,flat,track,176.6,1.0,6,50.504,5555.4,112.999,264.2,574.73,8.0,12.0,0.19115821347464043,109.99920798352605,0.08184470856166821,0.17486752460257382,1.1,0.0,2.0,1.0,1.0,12095662.23,15431624.29
193.0,58.9,2.0,economy,Jaffna,0.0,flat,gravel,1017.5,1.0,4,70.26,7728.6,153.096,386.0,690.31,5.0,7.0,0.18202072538860106,110.0,0.03935043271218581,0.15259067357512954,1.11,0.0,1.0,0.0,1.0,15769417.71,26673338.1
137.9,56.6,1.0,luxury,Kegalle,0.0,sloped,paved,581.8,2.0,5,36.336,3997.0,55.715,137.9,339.94,9.0,12.0,0.26349528643944886,110.00110083663584,0.14327242524916944,0.41044234952864395,1.06,1.0,0.0,2.0,2.0,7950085.48,8613204.03
136.6,62.6,1.0,mid,Ratnapura,0.0,hilly,track,975.3,2.0,3,38.093,4190.2,45.718,136.6,353.06,6.0,6.0,0.2788653001464129,109.99921245373164,0.08297008868179769,0.45827232796486095,1.08,2.0,2.0,1.0,1.0,7542221.23,10270052.6
258.1,73.3,1.0,mid,Badulla,0.0,rocky,paved,174.6,2.0,5,56.995,6269.5,84.721,258.1,422.21,8.0,10.0,0.22082526152654008,110.00087726993597,0.10495360746336765,0.28399845021309567,1.11,3.0,0.0,1.0,2.0,12532371.0,16513807.84
172.2,72.8,2.0,mid,Mannar,0.0,flat,paved,1243.8,3.0,8,71.498,7864.8,137.881,344.4,1010.46,12.0,16.0,0.2076016260162602,110.00027972810427,0.06232881352651395,0.21138211382113822,1.15,0.0,0.0,1.0,2.0,17518738.92,25702881.2
176.5,74.4,2.0,mid,Ampara,1.0,sloped,paved,1006.8,1.0,6,72.234,7945.7,131.07,353.0,904.7,8.0,12.0,0.20462889518413596,109.99944624415096,0.04981913487989257,0.21076487252124648,1.12,1.0,0.0,1.0,0.0,16205715.46,28862125.93
128.3,50.0,2.0,luxury,Colombo,1.0,flat,track,646.6,1.0,4,51.087,5619.6,118.03,256.6,663.6,7.0,10.0,0.19909197194076383,110.00058723354277,0.06058446186742695,0.19485580670303973,1.0,0.0,2.0,2.0,0.0,11186730.5,17883053.43
103.3,43.9,1.0,economy,Monaragala,0.0,sloped,gravel,436.7,2.0,6,27.822,3060.4,50.802,103.3,288.86,8.0,10.0,0.2693320425943853,109.99928114441809,0.13768790740987097,0.4249757986447241,1.13,1.0,1.0,0.0,2.0,6845410.84,8173556.53
84.6,38.3,2.0,luxury,Gampaha,0.0,flat,none,595.1,2.0,4,35.354,3888.9,68.468,169.2,458.45,8.0,10.0,0.20894799054373522,109.99886858629858,0.09620076681770653,0.22635933806146571,1.02,0.0,3.0,2.0,1.0,7866366.9,14352782.13
77.4,37.1,3.0,mid,Matale,0.0,sloped,paved,847.4,2.0,4,44.997,4949.7,106.954,232.20000000000002,754.61,7.0,8.0,0.19378552971576227,110.00066671111406,0.04855803741080099,0.15977605512489232,1.08,1.0,0.0,1.0,2.0,10846077.05,13715062.17
92.6,39.0,3.0,luxury,Colombo,0.0,flat,paved,235.5,2.0,5,50.881,5596.9,128.022,277.79999999999995,766.58,9.0,12.0,0.1831569474442045,109.99980346298224,0.07129782711384035,0.14038876889848814,1.0,0.0,0.0,2.0,1.0,11778043.9,20231998.21
186.3,60.7,1.0,mid,Badulla,0.0,rocky,gravel,167.6,1.0,5,43.91,4830.1,66.629,186.3,369.06,7.0,10.0,0.2356951154052603,110.00000000000001,0.10178050812161601,0.3258185721953838,1.11,3.0,1.0,1.0,1.0,9640357.03,11082100.14
157.5,56.4,2.0,luxury,Gampaha,0.0,flat,gravel,208.5,1.0,4,61.094,6720.3,120.461,315.0,767.49,7.0,10.0,0.19394920634920634,109.9993452712214,0.05329589444414154,0.17904761904761904,1.02,0.0,1.0,2.0,2.0,13099519.3,19824220.52
112.3,52.2,2.0,luxury,Colombo,1.0,flat,none,320.1,2.0,4,48.356,5319.2,117.671,224.6,736.65,8.0,10.0,0.21529830810329476,110.00082719827942,0.060487405762375074,0.232413178984862,1.0,0.0,3.0,2.0,2.0,10902616.58,15959113.48
151.7,61.3,1.0,mid,Colombo,1.0,flat,gravel,321.2,3.0,6,39.867,4385.4,54.399,151.7,388.64,10.0,12.0,0.26280158206987475,110.00075250206937,0.13054695562435503,0.4040870138431114,1.0,0.0,1.0,1.0,0.0,8084643.33,14117429.23
195.1,71.0,3.0,luxury,Colombo,0.0,flat,paved,587.9,2.0,8,102.61,11287.1,214.316,585.3,1350.85,13.0,19.0,0.1753118059114984,110.0,0.05852649994036022,0.12130531351443705,1.0,0.0,0.0,2.0,1.0,22038116.35,37943139.53
50.0,32.6,2.0,economy,Hambantota,1.0,flat,paved,280.7,2.0,4,24.878,2736.6,58.931,100.0,400.33,6.0,7.0,0.24878,110.00080392314494,0.07832966572356702,0.326,1.09,0.0,0.0,0.0,2.0,6127331.09,7931780.07
147.1,52.2,2.0,mid,Vavuniya,0.0,flat,paved,419.1,4.0,5,56.823,6250.5,122.722,294.2,666.07,10.0,10.0,0.193144119646499,109.9994720447706,0.0737912669639706,0.17743031951053706,1.18,0.0,0.0,1.0,2.0,14496093.0,23277061.82
95.6,40.8,1.0,mid,Gampaha,1.0,flat,none,300.9,2.0,2,25.856,2844.2,39.347,95.6,257.04,5.0,4.0,0.2704602510460251,110.00154702970296,0.08668704719628126,0.42677824267782427,1.02,0.0,3.0,1.0,1.0,5203702.24,6798785.69
58.2,36.5,2.0,luxury,Polonnaruwa,0.0,flat,paved,651.0,2.0,7,28.576,3143.4,73.529,116.4,495.16,12.0,17.0,0.24549828178694158,110.00139977603584,0.14580828505847634,0.313573883161512,1.1,0.0,0.0,2.0,1.0,8032629.86,9435684.22
92.8,42.0,1.0,luxury,Kandy,0.0,sloped,gravel,314.8,2.0,4,25.835,2841.8,39.637,92.8,272.54,8.0,10.0,0.27839439655172415,109.9980646409909,0.15361211086787133,0.4525862068965517,1.05,1.0,1.0,2.0,3.0,5783200.28,10743278.48
143.0,54.1,1.0,mid,Gampaha,1.0,flat,paved,249.7,1.0,4,36.285,3991.3,55.767,143.0,342.99,6.0,8.0,0.2537412587412587,109.99862202011852,0.09582762930777933,0.37832167832167835,1.02,0.0,0.0,1.0,0.0,7304669.06,9158592.5
165.3,52.7,1.0,luxury,Kandy,0.0,hilly,none,307.6,2.0,5,38.715,4258.7,65.69,165.3,360.78,9.0,12.0,0.23421052631578948,110.00129148908691,0.13761467889908258,0.31881427707199034,1.05,2.0,3.0,2.0,3.0,8745431.65,11324653.3
144.2,65.8,1.0,luxury,Gampaha,1.0,flat,gravel,175.8,3.0,6,40.143,4415.7,63.571,144.2,388.29,12.0,14.0,0.2783841886269071,109.99925267169867,0.16300940438871472,0.4563106796116505,1.02,0.0,1.0,2.0,1.0,8620687.75,11436672.27
216.3,76.2,2.0,mid,Kurunegala,0.0,flat,paved,396.3,2.0,5,83.609,9197.0,165.047,432.6,1011.94,8.0,10.0,0.1932709200184928,110.00011960434882,0.043116915578329064,0.17614424410540916,1.03,0.0,0.0,1.0,2.0,17622559.19,24002516.41
100.1,43.9,4.0,mid,Monaragala,0.0,hilly,gravel,323.5,2.0,4,70.224,7724.6,156.126,400.4,1162.47,7.0,8.0,0.17538461538461542,109.99943039416723,0.03027643703378675,0.10964035964035965,1.13,2.0,1.0,1.0,1.0,17075653.98,27277478.59
121.4,56.8,2.0,luxury,Jaffna,0.0,flat,paved,392.5,2.0,4,52.278,5750.6,112.522,242.8,787.25,8.0,10.0,0.21531301482701812,110.00038257010598,0.05756716168863675,0.23393739703459634,1.11,0.0,0.0,2.0,1.0,12622698.07,17964017.66
93.5,44.8,1.0,mid,Kandy,0.0,sloped,paved,503.8,2.0,8,26.798,2947.8,36.708,93.5,257.15,11.0,16.0,0.28660962566844916,110.00074632435258,0.2396295581709435,0.47914438502673795,1.05,1.0,0.0,1.0,1.0,6185410.56,8713280.1
100.1,55.5,2.0,mid,Gampaha,1.0,flat,paved,464.1,1.0,3,46.461,5110.7,103.542,200.2,772.56,5.0,6.0,0.23207292707292707,109.99978476571748,0.03097036393237933,0.2772227772227772,1.02,0.0,0.0,1.0,1.0,9991758.37,14107315.75
306.7,81.0,2.0,mid,Puttalam,1.0,flat,paved,452.5,1.0,3,108.169,11898.6,247.429,613.4,1101.6,5.0,6.0,0.17634333224649495,110.00009244792871,0.023075309418921754,0.13205086403651778,1.06,0.0,0.0,1.0,3.0,23745954.88,31616941.79
115.1,47.1,2.0,economy,Kegalle,0.0,sloped,paved,81.0,1.0,5,46.955,5165.1,95.952,230.2,655.63,6.0,8.0,0.2039748045178106,110.00106484932384,0.053228419347373296,0.20460469157254563,1.06,1.0,0.0,0.0,0.0,10278142.07,19636053.88
71.6,33.8,3.0,economy,Gampaha,1.0,flat,paved,1011.6,1.0,5,40.748,4482.3,101.494,214.79999999999998,600.29,6.0,8.0,0.18970204841713223,110.00049082163542,0.05734332983099746,0.15735567970204842,1.02,0.0,0.0,0.0,1.0,9104508.64,14449849.66
185.4,61.6,1.0,luxury,Kegalle,0.0,sloped,paved,400.3,2.0,3,44.162,4857.8,79.074,185.4,408.78,7.0,7.0,0.2381984897518878,109.99954712196006,0.08227718724448078,0.33225458468176916,1.06,1.0,0.0,2.0,1.0,9621861.17,13151767.41
114.1,49.2,1.0,luxury,Colombo,0.0,flat,gravel,240.2,2.0,6,31.161,3427.7,54.12,114.1,348.19,10.0,14.0,0.273102541630149,109.99967908603702,0.16381766381766386,0.4312007011393515,1.0,0.0,1.0,2.0,1.0,6960481.79,8766273.25
89.5,50.5,2.0,mid,Colombo,0.0,flat,paved,280.3,3.0,5,41.791,4597.0,99.341,179.0,678.72,9.0,10.0,0.23346927374301674,109.99976071402935,0.06357473304431319,0.28212290502793297,1.0,0.0,0.0,1.0,2.0,9430889.98,12751819.19
71.2,36.9,1.0,mid,Kalutara,1.0,flat,paved,254.0,1.0,4,21.308,2343.9,31.086,71.2,207.38,6.0,8.0,0.2992696629213483,110.00093861460485,0.1602069754714165,0.5182584269662921,1.04,0.0,0.0,1.0,1.0,4501430.97,7540323.17
89.8,51.5,2.0,economy,Ampara,1.0,sloped,none,1293.0,2.0,4,41.798,4597.8,105.545,179.6,632.42,6.0,7.0,0.232728285077951,110.00047849179387,0.0464437161186101,0.28674832962138086,1.12,1.0,3.0,0.0,2.0,10193109.32,16922319.28
110.5,49.2,1.0,economy,Galle,0.0,flat,paved,525.7,3.0,3,30.489,3353.8,49.875,110.5,297.17,6.0,5.0,0.2759185520361991,110.00032798714291,0.08872212091457428,0.44524886877828057,1.06,0.0,0.0,0.0,1.0,6409179.66,10180824.51
212.2,71.3,2.0,mid,Kurunegala,0.0,flat,track,1050.7,2.0,5,80.393,8843.2,148.443,424.4,944.01,8.0,10.0,0.18942742695570217,109.999626833182,0.04252259654889071,0.1680018850141376,1.03,0.0,2.0,1.0,2.0,16841130.85,19600420.93
92.0,41.4,2.0,mid,Ratnapura,0.0,rocky,gravel,332.1,4.0,3,38.774,4265.1,69.855,184.0,524.95,8.0,6.0,0.21072826086956523,109.99896838087379,0.060823573857196826,0.225,1.08,3.0,1.0,1.0,1.0,8808373.0,10874291.03
88.5,43.0,2.0,mid,Gampaha,1.0,flat,gravel,315.9,3.0,5,38.04,4184.4,77.359,177.0,490.2,9.0,10.0,0.21491525423728813,110.0,0.08735632183908047,0.24293785310734464,1.02,0.0,1.0,1.0,1.0,8489641.02,12394714.7
195.1,64.2,2.0,luxury,Badulla,0.0,rocky,paved,542.1,3.0,5,73.181,8049.9,148.817,390.2,819.71,10.0,12.0,0.18754741158380317,109.99986335250954,0.06268971071052469,0.1645310097385956,1.11,3.0,0.0,2.0,1.0,17250398.82,23102515.29
86.4,47.8,2.0,economy,Anuradhapura,0.0,flat,paved,435.3,2.0,2,39.42,4336.2,72.609,172.8,571.69,4.0,3.0,0.228125,109.99999999999999,0.029124984171204255,0.27662037037037035,1.09,0.0,0.0,0.0,1.0,8389842.66,15025227.29
263.3,74.6,1.0,mid,Kalutara,1.0,flat,gravel,582.3,2.0,6,58.359,6419.5,100.706,263.3,480.42,9.0,12.0,0.22164451196353968,110.00017135317603,0.09877098627839921,0.28332700341815414,1.04,0.0,1.0,1.0,1.0,12543729.34,16711434.25
131.2,55.6,2.0,mid,Gampaha,1.0,flat,paved,489.5,3.0,7,53.826,5920.9,93.258,262.4,702.78,11.0,14.0,0.20512957317073172,110.00074313528778,0.08523948589471814,0.21189024390243905,1.02,0.0,0.0,1.0,1.0,11605550.99,16487862.99
93.1,48.3,1.0,luxury,Hambantota,1.0,flat,paved,182.4,2.0,5,28.311,3114.2,46.676,93.1,348.92,9.0,12.0,0.3040923737916219,109.99964678040337,0.15244768487832594,0.518796992481203,1.09,0.0,0.0,2.0,3.0,6655501.35,11180297.24
111.4,58.0,1.0,economy,Colombo,1.0,flat,paved,447.2,4.0,5,33.873,3726.0,51.225,111.4,399.04,9.0,8.0,0.3040664272890484,109.99911433885396,0.10383471425536436,0.5206463195691202,1.0,0.0,0.0,0.0,1.0,6871144.45,7505480.27
128.2,57.2,1.0,mid,Monaragala,0.0,hilly,gravel,404.5,2.0,4,35.718,3929.0,59.679,128.2,391.25,7.0,8.0,0.27861154446177855,110.00055994176604,0.08786003514401405,0.44617784711388464,1.13,2.0,1.0,1.0,1.0,8169317.53,10101214.48
350.0,88.6,4.0,economy,Gampaha,0.0,flat,gravel,561.9,2.0,4,215.685,23725.3,404.128,1400.0,2147.66,6.0,7.0,0.1540607142857143,109.99976818044833,0.01505970998725717,0.06328571428571428,1.02,0.0,1.0,0.0,1.0,41312559.24,60680595.31
168.6,70.7,1.0,economy,Kandy,0.0,hilly,paved,489.8,2.0,4,45.208,4972.9,60.168,168.6,459.55,6.0,7.0,0.2681376037959668,110.00044239957529,0.06945412311265971,0.4193357058125742,1.05,2.0,0.0,0.0,3.0,8781113.78,14763083.21
116.2,45.8,1.0,mid,Kalutara,0.0,flat,paved,490.0,3.0,7,30.284,3331.2,57.374,116.2,317.85,11.0,14.0,0.2606196213425129,109.99867917051908,0.18244701104201042,0.3941480206540447,1.04,0.0,0.0,1.0,1.0,7272375.42,10916895.34
95.4,53.5,3.0,mid,Gampaha,1.0,flat,paved,217.9,2.0,4,58.035,6383.8,131.113,286.20000000000005,966.21,7.0,8.0,0.20277777777777772,109.9991384509348,0.03855998032882163,0.186932215234102,1.02,0.0,0.0,1.0,2.0,12706764.53,16906948.63
201.0,69.2,2.0,economy,Colombo,1.0,flat,paved,164.7,2.0,4,76.208,8382.9,156.607,402.0,799.95,6.0,7.0,0.18957213930348257,110.00026243963887,0.03977068674266105,0.17213930348258707,1.0,0.0,0.0,0.0,1.0,15041803.78,23044175.23
116.9,52.2,1.0,luxury,Matara,1.0,flat,paved,326.5,2.0,5,32.46,3570.6,44.063,116.9,348.59,9.0,12.0,0.2776732249786142,110.0,0.15217870758372978,0.446535500427716,1.07,0.0,0.0,2.0,1.0,7102001.63,13477854.95
250.3,66.0,1.0,mid,Badulla,0.0,hilly,none,516.8,2.0,6,53.576,5893.4,90.452,250.3,388.08,9.0,12.0,0.21404714342788653,110.00074660295654,0.1276292146707536,0.26368357970435474,1.11,2.0,3.0,1.0,2.0,12273697.87,16779461.65
106.2,47.1,1.0,luxury,Colombo,0.0,flat,paved,558.1,2.0,4,29.127,3204.0,45.297,106.2,292.77,8.0,10.0,0.27426553672316384,110.00102997219075,0.15342993736797242,0.4435028248587571,1.0,0.0,0.0,2.0,2.0,6152321.02,12023742.08
150.5,67.8,2.0,luxury,Kalutara,0.0,flat,paved,798.7,1.0,8,63.348,6968.3,158.218,301.0,905.54,12.0,19.0,0.21045847176079735,110.00031571636043,0.07853893350076556,0.22524916943521595,1.04,0.0,0.0,2.0,0.0,15149036.83,25772403.23
222.2,79.0,1.0,mid,Puttalam,1.0,flat,paved,349.5,2.0,7,54.541,5999.5,80.098,222.2,481.9,10.0,14.0,0.24545904590459044,109.99981665169322,0.1227949191377661,0.35553555355535554,1.06,0.0,0.0,1.0,1.0,11470093.59,14148764.77
114.4,45.5,1.0,luxury,Puttalam,1.0,flat,track,239.3,1.0,5,29.591,3255.0,42.703,114.4,269.45,8.0,12.0,0.2586625874125874,109.99966205940996,0.17713427548230581,0.3977272727272727,1.06,0.0,2.0,2.0,2.0,6596795.79,8125245.88
82.5,47.0,1.0,mid,Gampaha,1.0,flat,paved,304.8,3.0,5,26.437,2908.1,49.184,82.5,327.12,9.0,10.0,0.32044848484848487,110.00113477323447,0.13892862819901447,0.5696969696969697,1.02,0.0,0.0,1.0,1.0,5973393.65,10836908.71
204.8,67.8,1.0,economy,Colombo,0.0,flat,paved,558.5,1.0,4,48.411,5325.2,60.856,204.8,395.95,5.0,7.0,0.2363818359375,109.99979343537625,0.06686208483732649,0.33105468749999994,1.0,0.0,0.0,0.0,2.0,8822590.46,14623695.61
51.3,31.7,1.0,mid,Matara,1.0,sloped,paved,303.1,2.0,7,17.203,1892.3,28.031,51.3,219.36,10.0,14.0,0.3353411306042885,109.99825611811893,0.24149094408959665,0.6179337231968811,1.07,1.0,0.0,1.0,3.0,4520068.97,7468044.21
157.9,56.7,1.0,luxury,Ampara,1.0,flat,paved,342.9,3.0,5,39.266,4319.3,52.426,157.9,404.84,10.0,12.0,0.24867637745408486,110.00101869301687,0.14023612881769304,0.3590880303989867,1.12,0.0,0.0,2.0,1.0,9176704.7,13238169.36
130.2,45.8,1.0,economy,Ratnapura,0.0,rocky,paved,92.5,2.0,5,32.046,3525.1,62.686,130.2,319.68,7.0,8.0,0.24612903225806454,110.0012482057043,0.1042075693962002,0.35176651305683565,1.08,3.0,0.0,0.0,0.0,7460988.64,12698261.05
83.4,49.7,1.0,mid,Mannar,0.0,flat,paved,231.5,4.0,8,27.474,3022.1,49.389,83.4,334.98,13.0,16.0,0.32942446043165463,109.99854407803741,0.19864788396819255,0.5959232613908872,1.15,0.0,0.0,1.0,2.0,7431730.56,9214585.27
72.4,34.9,2.0,mid,Monaragala,0.0,hilly,gravel,328.0,2.0,4,31.135,3424.9,71.309,144.8,422.99,7.0,8.0,0.2150207182320442,110.00160590974787,0.08139095970557705,0.2410220994475138,1.13,2.0,1.0,1.0,2.0,7951292.41,13156712.87
50.0,29.9,1.0,luxury,Kalutara,1.0,flat,paved,768.9,1.0,3,16.364,1800.0,25.858,50.0,194.02,6.0,7.0,0.32728,109.99755560987533,0.17289233260090203,0.598,1.04,0.0,0.0,2.0,3.0,3624946.52,4538759.13
64.5,43.9,1.0,mid,Hambantota,1.0,flat,paved,750.7,2.0,4,22.835,2511.8,38.577,64.5,266.03,7.0,8.0,0.354031007751938,109.99781037880447,0.13487099296325256,0.6806201550387597,1.09,0.0,0.0,1.0,1.0,5203138.89,7963963.1
164.5,54.2,2.0,luxury,Kurunegala,0.0,sloped,track,445.9,2.0,4,61.773,6795.0,136.288,329.0,726.17,8.0,10.0,0.1877598784194529,109.99951435093001,0.06012111354758136,0.16474164133738603,1.03,1.0,2.0,2.0,2.0,13806387.64,13205005.22
137.4,55.7,1.0,luxury,Gampaha,0.0,flat,none,208.6,3.0,2,36.065,3967.1,64.725,137.4,370.79,7.0,5.0,0.2624818049490538,109.9986136143075,0.07849829351535838,0.4053857350800582,1.02,0.0,3.0,2.0,3.0,7583439.21,12897890.25
96.1,45.9,1.0,economy,Kandy,0.0,hilly,gravel,715.9,2.0,5,27.58,3033.8,38.477,96.1,283.66,7.0,8.0,0.2869927159209157,110.00000000000001,0.12434672914038566,0.47762747138397504,1.05,2.0,1.0,0.0,1.0,5727936.61,8289113.52
142.8,54.9,1.0,mid,Matara,1.0,flat,paved,514.9,2.0,6,36.569,4022.6,66.56,142.8,359.05,9.0,12.0,0.25608543417366947,110.00027345565915,0.13678844519966016,0.384453781512605,1.07,0.0,0.0,1.0,1.0,8380014.29,14273616.84
143.8,55.5,2.0,mid,Colombo,0.0,flat,paved,173.4,2.0,4,56.561,6221.7,120.7,287.6,639.36,7.0,8.0,0.1966655076495132,109.99982319973127,0.052654070388571776,0.19297635605006952,1.0,0.0,0.0,1.0,1.0,11803373.06,18497964.96
126.6,59.7,1.0,mid,Nuwara Eliya,0.0,rocky,paved,277.5,3.0,7,36.283,3991.1,56.491,126.6,410.74,11.0,14.0,0.2865955766192733,109.9991731664967,0.14892514892514894,0.47156398104265407,1.1,3.0,0.0,1.0,1.0,8499016.35,12277434.0
149.8,60.0,1.0,mid,Colombo,1.0,flat,paved,896.1,1.0,5,39.145,4306.0,70.495,149.8,366.0,7.0,10.0,0.2613150867823765,110.00127730233746,0.10618363522798252,0.40053404539385845,1.0,0.0,0.0,1.0,1.0,8049412.1,12843041.44
159.8,54.6,1.0,mid,Ratnapura,0.0,rocky,paved,389.4,2.0,8,38.7,4257.0,63.422,159.8,372.37,11.0,16.0,0.24217772215269087,109.99999999999999,0.1623699210374941,0.34167709637046306,1.08,3.0,0.0,1.0,2.0,9064000.88,12101836.81
168.7,55.6,1.0,mid,Gampaha,0.0,flat,paved,313.7,2.0,4,39.892,4388.1,69.677,168.7,343.61,7.0,8.0,0.23646710136336696,109.99949864634513,0.0973998475480647,0.3295791345583877,1.02,0.0,0.0,1.0,1.0,8394413.69,12833955.83
207.8,58.4,3.0,mid,Puttalam,1.0,flat,paved,357.0,2.0,5,101.866,11205.3,230.325,623.4000000000001,1012.66,8.0,10.0,0.1634039140198909,110.0003926727269,0.04228070712950765,0.09367982034007057,1.06,0.0,0.0,1.0,1.0,22473104.44,37359102.41
246.1,82.6,1.0,economy,Gampaha,0.0,flat,paved,834.6,2.0,4,58.61,6447.1,78.315,246.1,479.08,6.0,7.0,0.23815522145469323,110.00000000000001,0.06402706696074863,0.3356359203575782,1.02,0.0,0.0,0.0,3.0,11027948.85,11831117.43
116.9,53.6,1.0,mid,Badulla,0.0,hilly,gravel,275.5,1.0,5,32.667,3593.4,47.602,116.9,307.66,7.0,10.0,0.27944396920444825,110.00091835797593,0.13488805326525685,0.4585115483319076,1.11,2.0,1.0,1.0,1.0,7117406.67,11351372.4
130.5,56.9,2.0,mid,Gampaha,1.0,flat,paved,274.7,1.0,2,53.887,5927.6,107.764,261.0,644.11,4.0,4.0,0.20646360153256704,110.00055672054485,0.029244878172830873,0.21800766283524903,1.02,0.0,0.0,1.0,2.0,10881654.8,11842195.62
65.3,42.4,2.0,mid,Hambantota,1.0,flat,gravel,653.5,2.0,4,32.727,3600.0,78.815,130.6,590.21,7.0,8.0,0.2505895865237366,110.00091667430563,0.05795884082318354,0.32465543644716693,1.09,0.0,1.0,1.0,0.0,8167233.48,10888857.73
50.0,32.6,1.0,economy,Monaragala,0.0,hilly,paved,285.2,4.0,5,17.41,1915.1,32.42,50.0,212.55,9.0,8.0,0.3482,110.0,0.18936458736923673,0.652,1.13,2.0,0.0,0.0,3.0,4667242.36,7880491.44
115.0,59.8,1.0,luxury,Anuradhapura,0.0,flat,none,351.1,2.0,4,34.463,3790.9,60.305,115.0,364.18,8.0,10.0,0.2996782608695652,109.9991295012042,0.11354909489851893,0.52,1.09,0.0,3.0,2.0,3.0,7724217.3,9466052.37
219.2,63.6,1.0,mid,Jaffna,1.0,flat,paved,520.8,1.0,4,48.948,5384.3,67.639,219.2,395.59,6.0,8.0,0.2233029197080292,110.00040859687832,0.08373423481991939,0.29014598540145986,1.11,0.0,0.0,1.0,1.0,10431969.96,11812208.94
129.3,50.0,1.0,mid,Gampaha,0.0,flat,gravel,433.3,2.0,5,33.353,3668.8,66.219,129.3,345.0,8.0,10.0,0.2579505027068832,109.99910053068689,0.11428571428571428,0.3866976024748646,1.02,0.0,1.0,1.0,3.0,7405637.9,10859708.79
132.4,58.7,1.0,luxury,Ratnapura,0.0,rocky,paved,209.4,1.0,5,36.604,4026.4,53.143,132.4,406.79,8.0,12.0,0.27646525679758305,109.99890722325429,0.1223925074499787,0.4433534743202417,1.08,3.0,0.0,2.0,1.0,7951782.67,10852381.62
283.6,79.3,3.0,luxury,Anuradhapura,0.0,flat,gravel,313.3,3.0,5,139.427,15337.0,325.399,850.8000000000001,1538.74,10.0,12.0,0.16387752703338032,110.00021516635947,0.037223125418392344,0.09320639398213446,1.09,0.0,1.0,2.0,3.0,32505980.7,42716266.43
84.8,41.8,1.0,economy,Colombo,1.0,flat,track,428.4,2.0,6,24.669,2713.6,41.271,84.8,241.6,8.0,10.0,0.29090801886792456,110.00040536705987,0.1624548736462094,0.49292452830188677,1.0,0.0,2.0,0.0,3.0,5268000.77,6468585.26
155.6,63.4,2.0,economy,Jaffna,0.0,flat,paved,398.0,2.0,7,62.76,6903.6,118.543,311.2,773.48,9.0,12.0,0.20167095115681233,110.00000000000001,0.06056426332288402,0.20372750642673523,1.11,0.0,0.0,0.0,2.0,14091600.11,27886849.0
149.7,60.5,3.0,mid,Kandy,0.0,sloped,paved,95.6,3.0,3,81.928,9012.1,190.471,449.09999999999997,1165.23,7.0,6.0,0.18242707637497219,110.00024411678548,0.02569103735081584,0.1347138721888221,1.05,1.0,0.0,1.0,1.0,18227618.3,27840824.13
152.0,53.4,3.0,mid,Anuradhapura,0.0,flat,paved,403.2,2.0,7,79.828,8781.1,190.469,456.0,1057.32,10.0,14.0,0.17506140350877195,110.00025053865812,0.05598831548198637,0.11710526315789474,1.09,0.0,0.0,1.0,2.0,19094965.59,24877213.17
117.7,47.4,2.0,luxury,Trincomalee,1.0,flat,paved,613.3,2.0,4,47.346,5208.1,100.113,235.4,633.07,8.0,10.0,0.20112999150382327,110.00084484433745,0.0687114120693089,0.2013593882752761,1.14,0.0,0.0,2.0,1.0,11847785.29,21108204.76
220.5,82.9,4.0,economy,Colombo,1.0,flat,gravel,317.1,2.0,3,147.604,16236.4,332.449,882.0,1956.44,5.0,5.0,0.1673514739229025,109.999729004634,0.011368523031144813,0.09399092970521543,1.0,0.0,1.0,0.0,1.0,29563068.93,41198805.97
97.2,40.7,2.0,luxury,Kegalle,0.0,hilly,paved,203.2,1.0,2,39.864,4385.0,86.985,194.4,541.88,5.0,5.0,0.2050617283950617,109.99899658840057,0.04652479974107938,0.20936213991769548,1.06,2.0,0.0,2.0,1.0,9037630.15,11525977.56
91.7,52.8,1.0,luxury,Jaffna,1.0,flat,paved,153.4,1.0,6,29.579,3253.7,51.985,91.7,367.01,9.0,14.0,0.3225627044711014,110.00033807769024,0.15045506257110355,0.5757906215921482,1.11,0.0,0.0,2.0,1.0,7041249.52,8494189.37
89.7,44.5,2.0,luxury,Matale,0.0,sloped,paved,625.7,1.0,4,39.557,4351.3,98.222,179.4,607.43,7.0,10.0,0.22049609810479376,110.00075839927193,0.06425953621378211,0.24804905239687847,1.08,1.0,0.0,2.0,2.0,9781766.74,13823907.33
67.8,36.3,1.0,economy,Kandy,0.0,hilly,paved,600.2,3.0,8,20.765,2284.2,31.431,67.8,213.44,11.0,14.0,0.3062684365781711,110.00240789790512,0.2879463167910261,0.5353982300884955,1.05,2.0,0.0,0.0,1.0,5108780.01,8133050.52
111.6,46.2,1.0,mid,Kandy,0.0,sloped,paved,369.7,2.0,5,29.532,3248.5,45.27,111.6,273.5,8.0,10.0,0.2646236559139785,109.99932276852228,0.163707540828028,0.41397849462365593,1.05,1.0,0.0,1.0,2.0,6441693.62,8548714.9
85.3,42.7,1.0,mid,Vavuniya,0.0,sloped,paved,271.8,3.0,5,25.048,2755.3,37.742,85.3,254.49,9.0,10.0,0.2936459554513482,110.00079846694348,0.1706364701288559,0.5005861664712778,1.18,1.0,0.0,1.0,0.0,6373349.69,12014067.57
142.3,57.6,3.0,mid,Colombo,1.0,flat,none,424.5,2.0,4,77.842,8562.6,168.221,426.90000000000003,1119.74,7.0,8.0,0.18234246896228623,109.99974306929421,0.03156074757805567,0.13492621222768797,1.0,0.0,3.0,1.0,1.0,16268002.82,23943324.52
85.4,46.8,4.0,economy,Kegalle,0.0,hilly,paved,297.5,3.0,4,64.235,7065.9,193.625,341.6,1205.57,7.0,7.0,0.18804156908665104,110.00077839184245,0.026311703805391447,0.1370023419203747,1.06,2.0,0.0,0.0,2.0,15742797.35,22081788.41
135.5,58.8,3.0,luxury,Trincomalee,0.0,sloped,paved,301.0,1.0,4,75.029,8253.2,174.567,406.5,1096.5,7.0,10.0,0.1845731857318573,110.00013328179772,0.037968168885522575,0.14464944649446493,1.14,1.0,0.0,2.0,1.0,18447202.31,18730110.09
186.4,58.0,1.0,economy,Kandy,0.0,hilly,gravel,853.7,1.0,6,42.811,4709.2,51.989,186.4,330.6,7.0,10.0,0.22967274678111588,109.99976641517367,0.12283236994219653,0.3111587982832618,1.05,2.0,1.0,0.0,1.0,8524084.53,9494831.01
149.2,67.2,2.0,luxury,Kandy,0.0,hilly,gravel,611.9,2.0,8,62.995,6929.4,122.198,298.4,922.92,13.0,19.0,0.21110924932975872,109.9992062862132,0.08452483491243182,0.22520107238605902,1.05,2.0,1.0,2.0,1.0,14534476.72,27017206.9
323.6,81.2,3.0,mid,Matale,0.0,sloped,paved,526.2,2.0,4,155.645,17120.9,278.256,970.8000000000001,1524.94,7.0,8.0,0.16032653481664608,109.9996787561438,0.024280898322858534,0.08364235681911825,1.08,1.0,0.0,1.0,1.0,32594516.95,49720288.42
71.4,42.9,1.0,mid,Colombo,1.0,flat,paved,892.4,2.0,5,23.377,2571.5,31.812,71.4,256.54,8.0,10.0,0.32740896358543414,110.00128331265775,0.16906239790918004,0.6008403361344538,1.0,0.0,0.0,1.0,2.0,4778112.51,5697745.58
161.0,57.0,1.0,luxury,Badulla,0.0,hilly,paved,629.3,4.0,3,39.402,4334.2,60.759,161.0,351.92,9.0,7.0,0.2447329192546584,109.99949241155271,0.10424929178470257,0.35403726708074534,1.11,2.0,0.0,2.0,2.0,9037726.42,10906907.3
203.5,67.9,2.0,economy,Trincomalee,1.0,flat,gravel,600.1,2.0,3,76.205,8382.5,154.342,407.0,795.79,5.0,5.0,0.18723587223587224,109.99934387507382,0.028818804896690853,0.16683046683046684,1.14,0.0,1.0,0.0,1.0,17107631.62,28524424.81
114.3,45.2,2.0,luxury,Anuradhapura,0.0,flat,gravel,772.6,1.0,5,45.417,4995.9,92.397,228.6,535.35,8.0,12.0,0.19867454068241472,110.00066054561066,0.09156415462398981,0.19772528433945757,1.09,0.0,1.0,2.0,2.0,10653137.22,17285057.47
95.4,44.9,1.0,economy,Gampaha,1.0,flat,paved,312.5,2.0,4,27.251,2997.6,39.765,95.4,286.46,6.0,7.0,0.28564989517819706,109.99963304098931,0.1062695479101507,0.470649895178197,1.02,0.0,0.0,0.0,2.0,5548153.47,6218345.77
112.6,50.9,1.0,mid,Anuradhapura,0.0,flat,paved,193.1,2.0,5,31.376,3451.4,49.33,112.6,325.76,8.0,10.0,0.27865008880994674,110.00127485976543,0.12998430141287284,0.45204262877442275,1.09,0.0,0.0,1.0,1.0,7009350.3,12218875.02
96.0,47.8,1.0,mid,Trincomalee,1.0,sloped,paved,539.1,2.0,3,28.278,3110.6,50.925,96.0,318.35,6.0,6.0,0.2945625,110.00070726359715,0.09325899645210341,0.4979166666666666,1.14,1.0,0.0,1.0,1.0,6643996.75,7814544.2
120.0,49.0,2.0,luxury,Ampara,1.0,flat,paved,188.5,2.0,4,48.331,5316.4,104.485,240.0,588.59,8.0,10.0,0.2013791666666667,109.99979309345967,0.07634291615187447,0.20416666666666666,1.12,0.0,0.0,2.0,2.0,11799559.05,20997980.95
