project_id,num_floors,floor_area_sqm,built_up_area_sqft,room_count,bathroom_count,foundation_excavation_m3,foundation_concrete_m3,total_concrete_m3,steel_kg_estimate,total_brickwork_m3,roof_area_sqm,floor_tile_sqm,wall_plaster_sqm,paint_sqm,electrical_points,total_plumbing_fixtures,total_labour_days,structural_complexity_score,foundation_days,structure_days,masonry_days,roofing_days,electrical_days,plumbing_days,plastering_days,finishing_days,painting_days,external_work_days,handover_days,total_duration_days
RP0001,1,220.44,2372.79,6,3,73.16,35.5,73.99,7707.62,52.71,258.12,187.1,659.01,601.75,42,14,749,1.388,25,50,29,20,12,14,28,22,19,9,4,150
RP0002,3,318.32,3426.36,7,3,171.64,80.71,251.16,44434.23,239.64,386.94,846.61,2616.2,2316.9,58,17,2872,2.483,55,188,102,27,18,17,97,47,60,12,5,477
RP0003,1,293.89,3163.4,7,1,106.83,48.4,104.9,10775.78,75.96,348.21,235.61,800.67,695.88,43,6,967,1.556,32,65,40,23,12,7,33,26,20,11,4,188
RP0004,1,240.33,2586.89,6,2,86.01,37.64,80.58,7559.96,55.3,253.29,216.71,649.34,568.71,47,9,729,1.495,27,50,30,19,11,11,28,24,17,9,4,154
RP0005,2,280.74,3021.86,8,3,124.85,56.77,168.56,24763.78,158.29,292.93,423.42,1601.05,1508.23,55,16,1631,2.005,38,118,73,23,18,16,61,29,40,10,4,311
RP0006,2,220.45,2372.9,6,3,96.07,41.81,111.03,17977.48,110.75,263.49,326.95,1216.6,1056.43,47,14,1264,1.992,33,88,53,20,14,14,48,31,30,8,4,243
RP0007,1,319.55,3439.6,7,2,124.05,51.69,106.97,11926.63,86.53,383.7,289.95,866.28,732.68,55,9,1103,1.559,35,66,44,25,14,10,36,30,22,11,4,201
RP0008,3,242.03,2605.19,6,3,123.33,60.75,178.75,35643.8,177.66,283.24,619.04,2192.24,1929.51,52,16,2177,2.372,41,152,78,24,18,15,83,34,50,11,4,385
RP0009,1,334.98,3605.69,4,2,116.76,51.25,111.02,10487.81,69.65,354.96,291.17,976.54,822.35,29,9,1100,1.519,34,65,36,24,9,10,38,24,24,11,4,193
RP0010,3,269.17,2897.32,8,4,140.41,64.6,202.38,40319.37,221.57,319.7,648.63,2322.34,2086.53,70,19,2482,2.512,46,165,97,24,19,18,89,40,54,11,4,425
RP0011,1,354.42,3814.94,4,2,129.86,55.65,108.95,12648.82,89.18,416.21,278.4,943.4,909.44,31,10,1183,1.553,39,71,44,28,11,11,38,23,27,10,4,211
RP0012,2,355.43,3825.81,8,4,173.47,73.68,185.79,29736.18,182.4,452.35,623.09,2051.19,2089.48,64,17,2214,2.066,51,134,78,30,17,18,80,36,53,13,4,378
RP0013,3,290.52,3127.13,8,4,160.76,70.54,230.09,43399.16,228.09,325.47,653.28,2736.24,2495.34,68,23,2543,2.44,50,183,98,25,20,21,103,45,64,10,6,476
RP0014,1,299.55,3224.33,6,3,99.74,44.09,94.12,10760.81,77.86,338.35,275.41,850.03,747.7,47,14,995,1.531,31,63,39,23,13,15,34,29,23,10,5,189
RP0015,3,336.47,3621.73,7,2,182.83,79.6,263.88,52693.52,287.71,354.17,752.0,2922.98,2854.26,59,12,2844,2.468,54,209,121,27,16,12,108,43,72,11,5,530
RP0016,2,109.35,1177.03,4,2,49.35,21.66,62.03,9384.86,53.81,115.77,188.07,574.25,584.31,38,11,758,1.715,23,59,29,12,12,12,26,21,18,5,3,152
RP0017,2,91.54,985.33,4,4,37.95,18.63,50.53,7558.17,42.21,101.8,151.93,460.91,438.54,51,19,598,1.75,19,52,24,10,15,17,23,19,15,6,4,133
RP0018,1,135.36,1457.0,5,1,42.91,20.04,47.43,4992.06,31.08,131.0,123.41,417.29,409.84,33,6,443,1.23,17,38,22,12,11,7,21,20,13,6,4,115
RP0019,2,223.44,2405.09,5,4,99.84,48.18,126.29,17709.13,104.36,227.6,347.86,1195.81,1127.83,38,18,1290,1.773,34,91,48,17,13,17,49,29,32,10,4,246
RP0020,1,352.64,3795.78,7,2,119.09,52.91,111.21,12290.06,94.96,401.54,277.8,1064.12,878.13,46,10,1030,1.625,36,70,46,27,11,12,44,27,26,9,4,214
RP0021,2,357.38,3846.8,8,4,149.35,72.32,217.17,27818.19,200.22,397.2,520.48,2091.87,1930.45,68,19,2294,2.013,46,137,87,26,18,19,80,35,51,11,5,379
RP0022,3,308.24,3317.86,8,3,167.15,74.87,233.91,49256.57,248.47,336.69,791.06,2830.05,2559.17,64,18,2466,2.445,53,200,105,23,18,16,106,45,67,13,4,504
RP0023,2,399.6,4301.25,8,3,182.31,73.0,218.64,32780.01,245.03,468.95,586.16,2459.77,2026.14,57,15,2429,2.21,49,147,103,31,16,13,90,38,52,11,5,413
RP0024,3,289.1,3111.84,7,3,153.48,77.65,238.68,43486.29,226.67,339.52,797.0,2458.06,2436.12,59,16,2762,2.42,52,182,96,25,17,16,91,43,62,9,4,459
RP0025,3,245.15,2638.77,8,4,127.04,61.92,184.82,34068.18,209.79,286.49,529.77,2276.14,2278.83,69,20,2104,2.365,44,149,90,22,20,17,85,34,60,11,5,405
RP0026,2,95.54,1028.38,3,3,43.42,18.93,54.07,8101.5,43.2,96.92,161.28,519.69,488.27,31,13,623,1.656,21,55,23,10,11,13,23,19,17,8,3,139
RP0027,1,335.75,3613.98,7,3,126.24,55.43,117.84,10493.67,89.08,351.95,289.29,1061.5,941.13,52,15,1112,1.597,36,68,45,22,14,15,44,29,27,11,5,215
RP0028,1,251.58,2707.98,4,2,83.77,41.28,88.26,7861.35,56.94,306.65,225.11,673.03,638.21,29,10,841,1.427,29,54,28,21,10,11,28,20,19,9,4,156
RP0029,2,298.43,3212.27,7,2,142.64,56.22,146.33,22267.74,157.85,337.68,518.28,1504.75,1481.31,60,10,1730,1.985,40,107,72,25,16,13,59,36,39,11,4,302
RP0030,2,274.8,2957.92,7,3,118.29,53.61,159.47,23126.25,147.52,306.26,470.96,1444.44,1474.09,52,13,1713,1.975,37,113,65,22,14,14,57,33,41,11,4,300
RP0031,3,160.78,1730.62,6,3,84.74,40.42,120.17,21972.71,113.58,185.78,400.62,1194.28,1191.43,52,16,1442,2.248,32,109,52,15,17,14,49,33,34,11,5,270
RP0032,1,118.61,1276.71,4,1,39.94,18.26,40.4,4289.73,26.03,147.25,106.15,301.44,280.78,33,5,368,1.243,17,34,18,14,10,7,15,16,11,7,4,100
RP0033,3,132.34,1424.49,6,3,72.7,33.14,105.71,20488.61,103.0,153.92,328.09,1142.43,1173.97,57,12,1270,2.15,29,99,48,16,17,15,47,27,33,8,3,246
RP0034,3,284.48,3062.11,7,3,141.34,71.43,225.44,41108.99,223.87,332.0,668.95,2354.17,2158.38,59,15,2617,2.461,46,175,97,24,18,14,90,39,55,13,5,438
RP0035,3,316.32,3404.84,8,4,165.68,76.41,257.41,46333.64,250.45,370.15,707.13,2885.66,2770.73,67,22,2717,2.525,54,193,105,25,18,20,108,44,72,13,5,505
RP0036,2,144.81,1558.72,6,2,55.38,29.01,81.12,12927.11,78.18,161.77,209.87,797.99,801.0,52,11,950,1.841,22,73,40,14,14,11,33,27,24,8,4,187
RP0037,3,324.03,3487.83,8,3,170.01,79.37,255.85,48903.41,265.82,354.01,867.22,2812.9,2311.01,61,17,2920,2.587,53,198,112,24,17,16,107,51,59,14,5,502
RP0038,3,124.16,1336.45,6,4,62.98,27.72,87.45,18966.88,92.31,144.43,319.3,1063.62,1093.75,64,23,1224,2.252,27,96,46,14,19,19,45,29,31,9,5,239
RP0039,1,336.44,3621.41,5,2,121.69,56.88,115.32,12024.12,75.96,366.07,271.6,914.3,756.42,37,11,1020,1.53,35,68,38,24,12,11,38,23,22,11,4,196
RP0040,3,228.7,2461.7,4,2,119.03,56.78,184.54,32843.82,166.0,277.26,629.89,1856.86,1777.47,44,13,2205,2.282,38,144,70,21,15,11,71,33,49,12,3,355
RP0041,2,272.5,2933.16,5,3,119.29,50.14,142.59,23094.12,133.67,298.96,453.89,1438.78,1199.77,45,14,1643,1.897,38,108,62,22,13,15,58,34,32,10,5,287
RP0042,1,111.73,1202.65,2,1,39.98,17.3,36.15,3743.41,21.59,128.17,94.09,273.58,275.37,17,4,310,1.119,13,31,16,11,9,7,15,12,11,7,3,87
RP0043,1,337.98,3637.98,6,2,122.3,54.96,111.21,11848.17,88.09,398.08,301.89,908.6,813.49,41,10,1044,1.571,34,68,41,27,13,10,37,26,24,12,4,199
RP0044,2,110.28,1187.04,4,3,50.84,21.56,61.11,9199.32,47.77,137.94,188.31,634.15,645.92,38,15,693,1.668,20,61,27,12,14,13,26,22,20,7,3,153
RP0045,3,199.38,2146.11,7,4,101.22,42.76,152.36,30795.67,142.98,229.77,501.75,1745.24,1568.34,51,21,1770,2.381,32,134,66,16,16,18,69,32,42,10,5,329
RP0046,3,87.67,943.67,5,3,43.51,20.45,67.72,11678.99,63.99,101.94,200.64,718.8,617.87,42,15,816,2.199,22,76,34,12,17,15,31,23,20,7,4,180
RP0047,2,92.93,1000.29,4,3,40.27,19.11,49.17,7971.28,47.24,100.99,167.86,486.06,439.12,38,16,620,1.593,18,53,25,12,14,16,21,24,16,5,4,137
RP0048,3,334.65,3602.14,8,4,189.4,85.24,227.83,48256.59,274.35,381.0,740.87,2838.73,2792.66,64,20,2912,2.6,58,189,118,27,18,19,105,49,72,13,5,511
RP0049,1,261.94,2819.5,6,3,97.2,41.03,98.01,8305.42,71.0,286.46,200.43,778.19,792.66,46,13,895,1.472,31,58,36,21,13,14,33,23,23,9,4,177
RP0050,1,246.26,2650.72,5,2,82.02,41.61,83.08,8805.58,54.17,272.8,179.81,755.97,694.35,37,9,792,1.417,28,55,31,19,13,10,33,25,23,8,4,169
RP0051,2,339.88,3658.43,7,2,136.74,61.97,185.34,30477.11,179.31,402.08,526.49,2185.41,2230.8,52,12,2161,2.074,42,135,80,26,16,11,83,37,58,12,4,379
RP0052,2,305.61,3289.56,7,2,125.19,63.3,163.08,24798.99,155.31,351.18,497.23,1823.0,1587.09,53,13,1851,2.019,42,118,67,23,15,12,71,35,41,10,3,324
RP0053,2,370.75,3990.72,7,4,161.46,66.24,205.87,32180.74,199.39,411.03,549.99,2054.25,2026.58,51,18,2232,2.162,47,144,86,29,15,16,77,36,53,11,4,385
RP0054,3,383.77,4130.86,8,3,190.84,95.66,315.15,55920.64,310.29,408.73,1016.49,3280.59,2880.37,60,17,3202,2.618,60,228,130,28,16,15,122,56,72,14,5,579
RP0055,3,339.18,3650.9,7,4,151.56,85.24,255.18,48496.72,246.28,407.31,873.13,3017.0,2734.87,65,21,2859,2.579,52,201,106,27,18,21,113,49,70,12,5,516
RP0056,2,167.72,1805.32,5,3,76.15,38.43,90.03,14362.37,76.83,185.56,294.04,976.68,989.04,49,13,1058,1.874,30,75,37,15,14,14,41,26,30,8,5,210
RP0057,3,342.56,3687.28,6,4,178.7,81.72,282.3,49816.53,248.19,438.11,891.31,2852.26,2652.17,51,21,3176,2.385,55,211,103,30,18,20,106,46,67,13,4,516
RP0058,3,202.49,2179.58,5,3,103.86,44.67,161.63,30417.06,139.44,206.26,523.87,1625.62,1502.2,47,17,1825,2.257,35,138,61,16,14,15,63,32,39,12,3,323
RP0059,2,386.72,4162.62,7,3,172.57,84.7,218.84,32990.86,216.74,458.27,610.95,2322.84,1973.52,51,15,2305,2.075,54,145,94,29,14,17,89,40,51,13,5,410
RP0060,1,281.89,3034.24,6,2,92.7,43.94,99.01,9056.14,70.23,339.63,211.62,856.68,853.97,38,10,882,1.466,30,58,38,22,11,10,34,26,26,12,5,183
RP0061,1,123.23,1326.44,3,1,41.55,18.68,40.57,3998.18,27.96,157.11,94.57,314.2,293.66,24,5,409,1.318,17,33,18,12,10,8,16,13,11,7,4,97
RP0062,2,387.9,4175.32,6,3,153.69,77.55,220.17,31995.6,173.78,415.29,582.51,2133.66,1824.59,50,15,2224,2.059,49,142,76,28,15,16,79,32,48,13,4,375
RP0063,2,397.93,4283.28,8,4,152.95,82.65,239.7,34718.83,208.06,463.28,729.9,2275.38,2298.78,68,19,2543,2.092,51,156,91,30,19,17,85,45,61,12,4,423
RP0064,2,152.92,1646.02,5,2,69.95,29.6,85.63,12614.58,76.36,161.81,221.53,884.95,754.54,38,12,1001,1.724,26,72,38,14,13,12,37,22,21,7,3,188
RP0065,3,238.1,2562.88,8,5,111.73,59.22,201.15,34041.38,198.35,275.74,601.5,2157.08,2135.96,75,26,2132,2.379,38,152,86,20,21,23,81,40,57,11,5,394
RP0066,3,375.99,4047.12,7,4,190.0,92.2,283.71,56961.21,307.64,475.61,950.82,3181.29,2990.69,62,18,3566,2.487,57,226,127,31,18,17,119,52,75,13,4,569
RP0067,2,148.88,1602.53,7,3,62.85,28.58,76.94,12577.07,72.82,180.06,219.65,833.89,743.28,52,17,931,1.839,22,69,39,14,16,15,35,27,23,7,5,184
RP0068,3,128.86,1387.04,5,4,66.65,30.26,103.82,18674.38,91.07,149.27,307.23,1104.02,930.49,53,23,1192,2.226,26,96,43,13,16,21,45,23,25,9,4,228
RP0069,1,272.44,2932.52,6,2,97.54,42.43,101.6,9276.83,65.91,319.78,214.48,814.28,670.48,39,10,816,1.525,32,62,35,23,11,11,33,25,21,10,4,181
RP0070,1,162.83,1752.69,4,1,60.61,22.66,52.5,5535.57,40.04,185.17,118.25,437.23,376.91,28,6,518,1.258,21,42,26,14,8,7,21,19,14,6,4,124
RP0071,2,119.66,1288.01,7,3,51.09,21.77,62.89,9392.33,57.7,136.84,197.16,685.66,587.86,60,15,753,1.83,20,57,30,12,16,14,30,27,18,6,5,158
RP0072,2,88.07,947.98,3,2,40.56,17.53,48.08,7118.53,39.11,107.87,158.37,474.88,465.88,33,12,503,1.603,20,51,20,10,12,12,22,23,16,6,4,134
RP0073,3,93.59,1007.39,6,4,47.91,22.53,73.46,13935.29,74.03,105.87,225.61,797.27,737.92,59,24,925,2.167,24,79,41,11,18,20,35,25,23,8,5,198
RP0074,2,164.3,1768.51,5,4,69.17,31.72,86.59,14576.75,77.14,189.59,280.16,865.39,879.91,48,20,976,1.808,26,75,38,15,15,19,37,27,28,7,4,200
RP0075,2,193.65,2084.43,4,2,86.92,38.83,111.15,16762.14,91.5,247.49,329.63,937.79,956.05,32,11,1139,1.787,32,87,44,18,10,11,39,21,27,9,3,219
RP0076,1,190.52,2050.74,4,2,71.08,32.13,65.45,6485.7,44.58,203.84,163.78,533.6,488.92,37,9,614,1.34,24,45,23,16,10,10,23,19,17,8,4,133
RP0077,1,287.49,3094.51,6,2,113.33,43.87,90.63,10038.54,72.06,315.21,262.88,780.81,740.37,46,10,842,1.48,31,60,39,21,13,12,30,25,21,10,4,177
RP0078,3,271.41,2921.43,8,3,142.3,64.5,216.1,41786.88,232.93,300.28,735.94,2485.23,2072.84,70,18,2130,2.462,44,178,99,21,21,17,95,43,54,12,5,445
RP0079,3,261.68,2816.7,5,4,145.89,61.46,214.58,40608.21,217.49,309.01,568.96,2105.94,2104.39,41,20,2326,2.369,48,171,93,23,15,19,82,33,55,12,4,423
RP0080,2,213.94,2302.83,8,3,101.24,45.23,122.32,15401.05,121.76,274.27,319.52,1343.31,1340.64,54,15,1335,1.939,33,91,59,21,16,16,53,28,37,10,4,260
RP0081,3,140.64,1513.83,7,4,75.86,33.69,110.72,19203.92,96.77,165.74,331.61,1324.25,1275.52,58,20,1465,2.301,31,101,47,14,18,18,53,29,37,8,4,262
RP0082,1,101.96,1097.49,3,2,36.1,16.96,32.61,3457.9,22.93,116.72,86.96,278.91,272.99,22,10,338,1.125,15,30,16,11,8,11,14,18,11,5,3,92
RP0083,3,167.41,1801.98,6,2,82.35,43.34,122.35,22481.03,134.99,189.87,395.62,1465.1,1467.24,45,12,1497,2.353,33,112,64,16,15,14,57,32,39,9,4,291
RP0084,1,336.87,3626.03,6,2,120.33,54.09,118.0,11103.1,88.66,447.43,244.83,931.51,949.77,46,9,1111,1.546,35,67,44,30,12,9,35,21,25,11,3,196
RP0085,3,148.84,1602.1,5,4,77.47,34.9,112.78,22309.74,110.92,179.52,376.88,1240.93,1197.5,51,23,1384,2.18,30,107,51,16,17,22,50,30,33,9,4,262
RP0086,2,253.86,2732.52,8,3,108.03,53.9,149.31,21642.71,148.61,288.76,434.44,1633.59,1516.76,66,15,1778,1.956,37,108,68,20,17,16,64,34,42,12,5,305
RP0087,1,104.56,1125.47,4,2,40.09,16.28,37.12,3778.65,24.19,126.04,77.88,267.03,270.18,28,10,358,1.274,16,33,18,11,9,11,17,15,12,4,4,97
RP0088,3,342.16,3682.98,6,4,155.51,85.57,289.73,54794.49,264.24,436.59,785.94,3069.59,2885.28,59,21,3185,2.382,56,221,112,30,17,20,114,41,74,14,4,545
RP0089,3,323.2,3478.89,8,4,168.9,83.04,261.55,49289.71,254.23,404.67,855.95,2665.99,2439.65,76,21,3096,2.418,53,204,108,28,22,19,99,47,63,11,4,498
RP0090,3,276.57,2976.97,7,3,137.96,66.35,225.73,38774.49,240.83,304.31,739.05,2439.98,2299.35,60,18,2477,2.503,46,170,101,23,18,18,94,43,60,12,4,445
RP0091,3,204.12,2197.13,5,3,105.15,53.01,159.04,30529.91,168.06,210.71,546.29,1614.37,1494.37,48,17,1849,2.238,39,134,72,17,14,16,64,34,40,10,4,333
RP0092,2,257.61,2772.89,8,3,111.72,52.46,156.57,22299.66,127.07,326.18,449.77,1617.2,1591.94,54,15,1600,1.902,38,106,58,22,15,15,64,36,43,10,5,301
RP0093,3,112.17,1207.39,4,4,59.07,26.68,89.0,13657.98,78.12,134.32,245.58,895.12,800.68,46,21,1030,2.157,26,79,38,14,14,20,38,25,24,8,5,202
RP0094,3,104.04,1119.88,4,2,52.6,24.94,79.49,14427.25,70.16,135.07,228.55,860.34,726.98,36,13,971,2.2,23,81,36,14,13,11,37,26,22,8,4,196
RP0095,3,97.3,1047.33,4,2,53.3,22.72,72.65,12740.04,73.55,115.11,258.41,801.85,765.82,41,12,924,2.266,23,77,35,14,14,12,36,24,23,8,4,190
RP0096,3,218.02,2346.75,6,4,108.03,50.97,177.98,33348.09,170.36,258.43,484.56,1826.96,1545.63,62,19,1985,2.29,40,143,75,19,17,18,70,33,42,10,4,352
RP0097,1,185.3,1994.55,6,1,69.41,28.12,61.5,6440.26,51.86,202.83,169.98,500.4,512.73,44,5,615,1.421,23,46,31,16,12,8,23,21,16,7,4,138
RP0098,2,250.68,2698.29,7,4,119.77,53.57,145.57,20018.72,144.87,272.38,428.58,1394.05,1315.78,61,18,1507,2.104,36,103,67,20,17,16,54,29,34,10,3,277
RP0099,3,340.76,3667.91,7,4,186.7,84.86,284.21,50085.95,274.8,410.03,922.79,2925.39,2605.47,66,20,3016,2.469,55,210,115,28,20,18,108,52,67,12,5,526
RP0100,1,377.79,4066.49,7,2,132.05,66.15,134.14,11449.46,101.88,439.73,277.02,1043.31,868.81,46,10,1157,1.58,40,74,50,29,11,11,41,29,27,13,4,224
RP0101,2,318.62,3429.59,8,3,154.01,67.76,182.69,26292.92,174.48,404.89,494.32,1974.51,2012.24,56,16,1749,2.044,43,122,78,27,16,17,74,36,53,11,5,353
RP0102,1,153.63,1653.66,6,2,55.2,25.84,53.35,5367.13,37.36,185.88,133.64,405.54,371.8,43,9,509,1.475,22,41,24,13,12,11,21,22,15,8,5,128
RP0103,1,199.65,2149.01,4,1,81.93,33.25,68.03,7511.42,47.4,222.6,179.96,520.74,493.82,32,5,706,1.387,25,48,26,17,10,6,24,19,14,7,4,138
RP0104,3,95.19,1024.62,4,3,47.88,23.69,69.99,13286.89,66.18,114.52,224.54,776.09,666.82,46,17,829,2.127,23,79,33,11,15,16,34,21,20,8,4,185
RP0105,1,141.76,1525.89,3,2,47.55,22.18,46.57,4761.59,30.04,169.78,125.97,370.29,364.05,27,10,500,1.275,17,40,19,12,10,12,17,18,12,6,4,109
RP0106,1,139.56,1502.21,3,2,48.82,23.16,45.48,4619.26,30.42,173.9,119.76,378.4,325.27,30,9,430,1.317,21,39,18,13,10,11,18,15,12,7,3,110
RP0107,3,98.46,1059.81,6,4,52.08,24.52,75.1,14340.55,70.76,118.23,235.6,864.67,726.12,59,21,941,2.196,23,81,37,12,18,19,37,26,24,9,5,199
RP0108,1,268.87,2894.09,6,4,98.28,42.16,92.24,9882.26,67.29,321.48,237.03,726.32,625.3,47,17,986,1.451,30,57,35,22,13,18,31,22,19,9,4,168
RP0109,3,116.75,1256.69,6,4,60.85,29.11,84.04,18051.0,89.2,136.7,308.5,916.96,811.36,61,21,1031,2.15,25,90,42,12,17,19,38,30,26,7,5,217
RP0110,1,307.18,3306.45,6,2,108.55,51.86,109.45,10530.14,79.64,358.52,232.89,871.11,829.28,45,9,1011,1.584,32,67,43,25,14,10,34,23,25,10,4,194
RP0111,2,399.81,4303.51,7,3,171.18,86.0,217.57,35336.65,204.96,484.93,622.41,2432.67,2371.53,61,14,2467,2.132,54,154,87,31,17,14,92,37,59,14,4,424
RP0112,1,88.38,951.31,3,3,31.17,14.22,28.48,3154.64,20.94,108.03,65.46,228.46,219.57,27,15,300,1.177,14,27,14,11,7,14,13,18,11,5,4,87
RP0113,1,267.25,2876.65,4,2,90.27,42.3,91.66,9076.08,62.96,297.28,201.14,711.38,646.72,32,10,871,1.529,30,64,33,21,11,10,29,18,20,10,4,171
RP0114,2,303.56,3267.49,8,3,142.66,63.06,158.5,25019.93,169.23,343.03,500.68,1868.41,1876.59,58,15,1891,2.042,41,116,76,24,16,15,70,35,49,12,6,336
RP0115,1,189.53,2040.08,5,2,70.44,28.93,63.25,6800.84,47.74,217.64,173.78,505.01,473.7,34,10,545,1.367,23,45,28,15,10,11,23,20,15,6,3,132
RP0116,3,258.96,2787.42,7,3,132.4,59.15,196.22,38582.99,209.09,289.25,560.4,2308.89,2257.58,59,15,2227,2.385,41,161,89,22,18,14,88,37,59,11,5,416
RP0117,1,305.68,3290.31,5,1,121.08,50.12,104.93,9289.65,64.46,331.24,263.93,843.37,761.0,38,6,940,1.562,35,63,32,25,11,8,35,27,24,9,5,189
RP0118,2,374.05,4026.24,8,3,158.15,75.18,206.86,35049.26,231.03,426.44,603.32,2360.52,2011.73,59,16,2342,2.094,47,151,102,29,18,15,89,37,52,14,4,412
RP0119,2,185.61,1997.89,4,3,88.34,33.6,107.55,16467.22,76.79,224.33,326.61,926.28,939.64,33,15,1112,1.841,28,87,39,19,12,16,39,28,28,8,4,217
RP0120,1,222.63,2396.37,5,2,79.95,37.41,81.66,7683.84,55.34,267.28,201.04,575.79,519.36,42,9,744,1.429,25,53,28,18,13,11,25,26,18,9,5,154
RP0121,2,81.28,874.89,4,2,39.13,16.57,42.8,6196.51,36.81,94.42,128.93,441.67,391.9,33,12,528,1.65,17,48,23,10,12,12,21,19,14,6,4,125
RP0122,3,268.49,2890.0,6,4,147.38,63.62,206.4,40438.35,210.06,305.6,701.71,2136.32,1926.45,64,23,2279,2.425,47,171,90,23,19,20,81,37,50,11,4,416
RP0123,2,214.34,2307.13,8,3,96.06,47.22,118.02,18224.08,112.64,256.4,336.26,1397.17,1227.29,60,18,1309,1.92,31,94,55,21,15,18,55,32,33,11,5,259
RP0124,1,320.62,3451.12,7,2,112.21,46.55,108.75,12024.0,81.08,349.88,273.82,903.73,880.4,53,9,1034,1.681,32,71,42,24,15,10,36,25,24,11,5,200
RP0125,3,387.8,4174.24,7,5,193.82,91.8,278.96,61874.15,299.89,476.52,1006.28,3428.95,3129.45,70,26,3430,2.572,62,234,125,32,20,23,127,53,78,14,4,593
RP0126,3,190.02,2045.36,6,4,102.17,41.2,134.02,31240.52,134.63,201.2,468.88,1562.19,1498.19,59,20,1720,2.249,33,133,64,18,18,19,60,34,43,9,5,321
RP0127,2,376.91,4057.02,7,3,158.47,72.44,213.56,31219.49,196.88,436.36,640.58,2245.22,2036.88,55,15,2206,2.054,49,143,86,29,16,15,86,42,53,14,5,398
RP0128,2,217.88,2345.24,6,3,99.9,49.78,125.81,18379.88,106.87,250.93,361.24,1203.97,1070.14,47,13,1516,1.914,34,91,51,18,15,13,47,27,30,9,4,243
RP0129,1,386.91,4164.66,7,2,124.36,60.53,135.12,13788.08,105.76,461.17,295.59,1151.02,1049.6,51,9,1270,1.587,39,80,50,29,14,10,43,29,28,11,5,233
RP0130,2,118.36,1274.02,3,2,57.64,23.09,64.13,10866.11,49.98,132.18,216.57,632.11,649.33,29,12,709,1.674,21,62,27,13,8,11,28,18,20,7,3,155
RP0131,3,249.71,2687.85,8,3,131.28,64.61,196.46,38819.09,222.04,281.76,585.06,2211.25,2066.23,68,17,2216,2.375,47,163,95,23,19,16,84,42,55,10,5,421
RP0132,3,91.53,985.22,7,4,47.33,24.98,77.63,12800.28,75.06,95.98,207.47,802.71,693.58,58,21,908,2.201,22,78,38,13,16,18,36,27,22,8,5,193
RP0133,1,167.63,1804.35,3,1,58.88,25.31,56.37,5408.78,36.85,205.09,123.25,460.99,383.31,24,5,507,1.262,20,39,20,13,8,8,19,16,15,7,4,114
RP0134,3,105.82,1139.04,6,3,49.68,28.5,78.81,14577.56,75.01,126.44,243.87,877.04,753.09,46,16,927,2.191,25,82,39,13,14,16,38,24,23,6,3,200
RP0135,3,180.76,1945.68,7,4,96.23,43.83,149.92,27320.61,143.75,205.79,449.67,1511.93,1339.27,70,20,1516,2.388,34,127,64,19,19,18,60,33,37,10,5,310
RP0136,1,223.55,2406.27,7,3,78.28,35.34,72.54,7357.25,55.32,236.63,166.27,657.67,578.14,58,13,744,1.485,25,51,33,18,15,13,27,20,17,8,4,149
RP0137,1,179.09,1927.71,5,1,61.8,29.52,59.66,6648.62,42.35,205.05,136.8,514.54,485.79,41,6,568,1.342,23,44,26,16,12,8,25,21,16,9,5,137
RP0138,3,326.66,3516.14,8,4,156.04,72.35,237.71,45239.47,260.03,389.26,781.09,2750.77,2343.76,72,21,2934,2.481,52,187,109,27,20,19,103,42,59,12,4,480
RP0139,1,90.71,976.39,4,2,33.44,14.12,31.32,3246.42,21.76,106.88,65.43,245.16,204.69,30,9,312,1.236,13,31,16,8,10,10,13,16,8,5,2,87
RP0140,2,174.42,1877.44,5,2,80.71,35.02,96.0,15553.38,83.62,192.48,315.27,995.51,838.09,43,10,1090,1.743,26,81,42,16,13,11,41,26,26,8,4,210
RP0141,3,276.62,2977.51,8,4,148.66,64.26,219.48,38690.25,220.68,329.77,691.7,2390.27,2300.84,73,19,2636,2.479,46,170,95,24,19,19,90,42,59,10,4,436
RP0142,1,314.34,3383.52,7,2,112.17,58.98,117.21,10750.64,90.06,363.31,271.46,909.41,908.9,47,10,1005,1.591,36,66,45,25,14,11,35,23,26,9,4,200
RP0143,2,341.42,3675.01,6,3,159.79,70.36,193.98,27395.26,161.02,385.79,546.92,1729.54,1523.23,55,15,2262,1.951,47,130,71,26,15,17,68,37,42,11,5,344
RP0144,1,339.07,3649.72,7,2,124.4,52.06,101.84,12252.39,100.9,380.06,252.65,1030.49,919.5,47,10,1117,1.615,36,68,51,26,13,12,41,29,27,15,4,214
RP0145,3,256.31,2758.9,7,5,140.52,65.09,210.67,35505.09,220.14,316.53,556.43,2262.88,2098.52,69,25,2261,2.365,45,159,94,24,20,22,88,39,55,12,4,417
RP0146,1,384.7,4140.87,8,2,151.05,60.41,131.55,14368.58,103.2,431.01,288.27,1104.28,971.37,59,9,1162,1.619,42,82,51,28,16,10,43,28,29,10,5,239
RP0147,2,129.36,1392.42,6,2,56.47,26.41,71.37,9840.12,61.81,143.64,194.4,722.61,713.64,54,11,858,1.761,22,61,33,13,16,13,32,18,21,7,4,164
RP0148,1,84.47,909.23,3,2,29.42,12.87,32.32,2829.47,18.36,94.03,64.82,213.94,189.27,28,10,315,1.1,12,33,16,10,9,11,12,13,8,4,4,85
RP0149,3,236.59,2546.63,6,4,106.38,57.94,190.52,34362.15,166.54,245.53,517.41,1933.25,1756.15,56,20,2136,2.451,40,151,72,17,18,19,74,37,48,9,5,371
RP0150,2,251.62,2708.41,8,4,100.66,49.99,137.25,19456.55,155.1,287.69,373.62,1559.03,1453.11,63,20,1741,1.902,35,101,69,20,16,19,61,34,39,9,5,291
RP0151,2,211.73,2279.04,7,3,90.18,42.86,118.75,15973.75,121.37,245.32,330.18,1222.11,1065.08,62,15,1428,1.925,33,88,55,18,16,16,49,25,29,8,4,242
RP0152,2,108.82,1171.33,5,3,50.32,21.3,62.95,8374.33,49.22,111.48,167.68,567.98,499.59,41,15,725,1.73,21,55,27,10,13,15,29,21,16,6,4,148
RP0153,2,321.61,3461.78,8,3,146.08,64.28,177.22,30948.66,168.83,345.84,473.29,2008.51,1678.75,64,15,2035,2.036,44,135,76,25,17,15,76,38,44,12,5,359
RP0154,2,392.97,4229.89,7,3,176.26,73.2,209.53,28746.57,210.48,437.95,700.61,2137.55,1800.54,53,17,2247,2.148,49,137,90,29,16,15,81,41,48,13,4,383
RP0155,2,279.31,3006.46,7,2,121.88,56.07,164.76,21790.62,145.39,319.56,440.23,1699.43,1456.29,61,10,1753,1.983,38,110,65,23,18,11,63,30,39,11,3,299
RP0156,1,358.43,3858.1,7,2,123.79,55.37,122.04,13885.64,103.84,425.98,316.2,977.48,981.12,47,10,1189,1.585,37,77,50,25,13,11,40,29,30,12,5,227
RP0157,2,313.15,3370.72,6,2,144.08,61.52,181.23,26539.33,170.03,369.65,573.38,1905.5,1699.49,46,12,1964,2.067,43,126,75,25,14,13,75,38,45,11,5,348
RP0158,3,253.78,2731.66,7,3,122.94,59.59,197.59,41762.16,195.9,279.82,600.43,1903.96,1924.81,74,17,2289,2.349,42,172,87,22,20,17,73,35,48,9,4,399
RP0159,3,249.54,2686.02,6,2,126.09,58.08,207.48,35332.01,198.62,287.79,677.05,2112.37,1926.62,54,12,2395,2.321,42,156,85,22,16,12,80,42,50,11,5,395
RP0160,1,178.76,1924.15,7,3,67.42,31.25,60.93,5295.31,45.93,207.48,138.51,554.55,491.51,54,13,656,1.365,23,41,27,15,13,13,23,23,16,9,5,135
RP0161,1,297.91,3206.67,6,2,106.64,50.24,103.91,10922.86,72.87,357.47,254.11,867.34,786.13,42,9,970,1.55,33,67,36,23,13,11,35,26,24,8,4,192
RP0162,2,361.26,3888.57,7,3,155.89,68.43,201.71,29751.14,188.96,470.94,625.9,2061.71,1744.86,53,16,2184,2.116,46,136,82,31,15,16,79,38,46,11,5,370
RP0163,3,218.69,2353.96,5,4,114.87,54.73,164.29,31093.65,159.15,251.1,550.68,1912.96,1705.33,48,22,2113,2.227,40,133,69,20,15,21,73,33,45,10,4,345
RP0164,2,239.63,2579.35,5,3,95.59,44.77,131.11,22521.68,119.02,233.42,389.7,1311.62,1334.77,42,15,1429,1.918,32,105,55,18,14,14,50,34,37,9,5,271
RP0165,3,332.02,3573.83,8,4,148.23,87.18,264.51,50507.24,252.18,351.52,913.15,2890.99,2856.71,65,20,3222,2.511,50,203,105,24,18,17,107,46,71,14,5,510
RP0166,2,130.9,1408.99,4,2,57.45,27.32,77.8,11411.64,57.05,151.7,205.1,770.2,725.72,36,12,781,1.649,22,66,28,14,13,12,32,19,20,7,4,166
RP0167,2,353.58,3805.9,8,2,145.86,69.15,205.64,30731.45,201.3,384.92,617.61,2047.98,1698.21,61,11,2362,2.109,45,142,89,25,16,11,77,41,46,14,5,378
RP0168,1,374.23,4028.17,5,2,136.2,66.18,141.82,13715.02,84.63,404.06,333.19,1054.88,981.26,34,10,1077,1.582,41,80,42,26,11,11,40,25,29,13,4,226
RP0169,2,152.17,1637.94,6,2,69.11,29.85,81.8,12979.22,69.0,159.29,228.94,838.82,713.36,45,11,979,1.903,26,72,37,15,13,11,33,24,23,8,3,185
RP0170,3,309.54,3331.86,7,3,163.42,72.48,231.85,45845.93,239.13,372.8,745.17,2678.22,2389.43,66,13,2675,2.445,51,188,103,26,19,14,99,47,61,13,5,477
RP0171,2,347.74,3743.04,8,2,147.83,67.19,196.5,31098.56,188.0,379.12,587.35,2052.66,1869.25,56,11,1967,2.103,43,139,82,26,16,10,76,42,50,12,4,372
RP0172,2,349.69,3764.03,6,3,163.96,68.54,184.29,28622.63,148.49,421.68,595.65,1792.57,1648.32,54,16,2139,2.028,46,131,65,27,14,15,68,36,42,10,5,341
RP0173,1,186.18,2004.02,4,2,68.71,30.01,67.0,6230.61,42.53,212.81,158.55,498.91,409.44,29,10,584,1.286,23,46,22,17,9,12,22,22,17,8,5,134
RP0174,1,321.06,3455.86,7,2,110.83,48.84,103.23,11304.33,83.64,411.96,235.86,900.0,784.32,56,10,949,1.604,33,67,42,28,16,10,35,23,24,12,4,194
RP0175,1,141.75,1525.78,5,2,52.89,22.47,47.42,4964.4,35.64,159.02,118.07,385.92,340.22,39,10,464,1.245,19,38,24,13,13,11,19,21,14,7,4,118
RP0176,1,215.33,2317.79,5,2,74.82,35.26,73.35,6238.93,50.18,226.79,194.53,639.09,652.4,38,9,697,1.48,25,50,29,16,11,11,27,20,20,7,5,150
RP0177,1,257.54,2772.13,5,1,98.37,45.8,95.5,8964.12,60.21,342.51,198.94,783.15,733.3,30,5,812,1.413,31,64,31,23,10,7,33,19,21,10,4,177
RP0178,3,210.2,2262.57,8,4,101.62,48.93,160.65,31367.24,169.05,243.89,497.39,1863.34,1818.51,63,20,1978,2.32,37,137,75,20,18,18,74,38,49,11,4,355
RP0179,3,293.18,3155.76,8,4,149.94,71.65,226.38,45341.66,219.65,362.36,777.35,2598.44,2172.88,71,19,2743,2.471,48,187,96,27,20,21,99,47,56,12,6,465
RP0180,3,149.25,1606.51,7,4,79.88,33.6,105.7,22254.57,121.92,168.75,405.68,1238.8,1116.67,56,18,1325,2.324,31,108,56,16,16,16,50,32,31,11,4,266
RP0181,1,152.48,1641.28,5,2,51.78,23.46,53.27,5903.82,37.65,189.16,120.56,421.47,388.92,35,9,511,1.359,18,41,24,16,12,12,20,19,15,8,4,119
RP0182,1,145.34,1564.43,5,2,55.69,24.14,53.65,4497.37,35.41,164.3,120.27,382.89,314.44,42,11,500,1.279,21,39,23,14,13,12,17,19,12,7,4,117
RP0183,1,125.25,1348.18,4,1,43.28,18.85,44.36,4516.37,28.51,140.86,104.54,320.59,262.9,32,5,395,1.263,17,36,19,14,10,7,18,17,13,7,5,107
RP0184,3,178.0,1915.97,6,3,92.98,44.64,140.67,25668.91,132.54,223.67,395.28,1460.7,1341.36,62,18,1593,2.225,33,120,62,17,17,16,58,29,36,10,3,294
RP0185,2,246.02,2648.13,7,2,109.78,52.05,129.47,20703.81,121.44,294.88,413.3,1393.53,1227.57,59,10,1558,1.976,36,98,58,20,16,11,56,32,33,10,5,271
RP0186,3,196.43,2114.35,5,4,108.39,44.93,145.91,27854.29,140.78,220.7,483.36,1512.79,1344.05,52,22,1601,2.242,36,129,63,18,15,21,59,34,38,8,5,314
RP0187,2,333.16,3586.1,8,3,145.36,63.38,187.77,29340.13,200.2,400.67,599.33,1944.65,1818.43,60,15,2013,2.022,44,134,86,28,16,15,76,41,49,14,5,369
RP0188,2,221.73,2386.68,5,3,96.35,43.14,127.78,19019.16,102.59,256.79,335.24,1189.45,993.12,41,14,1258,1.859,32,93,48,20,13,14,46,27,28,9,4,238
RP0189,1,269.05,2896.03,5,2,92.17,44.88,92.56,8620.12,66.34,288.54,200.71,713.29,689.16,37,10,802,1.477,29,53,35,19,11,11,31,19,20,11,4,163
RP0190,2,199.36,2145.89,6,2,86.89,40.99,109.19,16572.48,101.47,236.2,329.7,1052.59,1028.79,50,13,1146,1.884,29,87,50,17,14,13,44,28,28,10,5,231
RP0191,2,256.16,2757.28,6,2,115.33,52.49,155.58,20155.59,124.83,299.08,375.9,1436.28,1419.18,48,11,1598,1.972,38,105,57,21,14,11,58,29,38,11,4,284
RP0192,3,310.26,3339.61,7,4,165.88,77.89,236.94,43738.99,267.12,374.16,741.36,2694.66,2635.66,66,24,2957,2.477,50,183,114,27,15,22,103,44,70,9,6,490
RP0193,1,157.7,1697.47,5,3,58.76,24.71,48.15,5748.62,41.82,178.42,140.86,415.33,404.9,40,14,548,1.262,21,40,25,12,11,14,20,19,14,7,4,122
RP0194,3,273.68,2945.86,7,4,136.79,67.4,209.21,41163.06,217.12,312.51,702.65,2192.62,2039.05,65,22,2712,2.4,45,170,92,22,20,21,84,41,55,11,5,424
RP0195,2,175.48,1888.85,7,3,74.38,31.85,93.7,15752.62,95.98,191.5,271.69,1073.01,984.03,57,14,936,1.91,27,86,45,15,16,14,45,28,28,9,5,226
RP0196,3,272.52,2933.38,7,4,137.09,69.16,201.88,34874.48,216.25,302.81,635.97,2158.02,1839.81,67,18,2517,2.482,48,156,94,23,20,16,81,39,49,12,5,405
RP0197,3,389.27,4190.06,8,4,200.13,94.93,253.13,65501.36,333.27,456.67,847.2,3514.89,3471.11,78,20,3722,2.595,62,239,139,33,21,19,130,53,88,14,5,619
RP0198,1,173.73,1870.01,4,2,64.55,26.53,55.7,6582.1,42.29,206.77,159.57,440.82,390.12,38,10,571,1.282,21,42,25,17,11,11,19,20,13,7,5,125
RP0199,3,191.05,2056.44,7,4,100.97,45.24,151.66,28660.12,147.84,216.44,430.5,1510.22,1336.82,68,24,1696,2.314,34,130,67,17,19,19,61,30,36,8,4,312
RP0200,2,293.09,3154.79,7,3,134.63,61.44,179.02,25461.12,154.41,373.68,434.74,1581.72,1617.01,55,16,1925,1.997,43,124,71,25,16,15,60,35,45,12,6,329
RP0201,2,305.04,3283.42,7,3,143.16,59.48,163.82,27593.13,172.25,368.82,455.48,1770.02,1763.14,63,15,1983,2.111,42,125,78,27,18,15,68,32,48,12,4,341
RP0202,3,81.79,880.38,4,3,46.92,19.39,63.72,11398.86,58.35,105.17,178.02,673.95,571.63,46,17,763,2.12,22,70,30,13,18,15,29,19,18,8,4,166
RP0203,2,138.56,1491.45,4,2,55.17,26.1,71.72,12172.65,64.11,149.66,204.83,764.45,705.77,41,10,800,1.773,24,73,30,14,11,11,33,22,21,8,3,178
RP0204,1,347.25,3737.76,6,1,124.5,60.86,130.9,11571.72,87.06,412.36,278.6,991.38,893.44,40,6,1083,1.578,38,71,41,26,13,7,40,26,27,11,5,213
RP0205,1,185.34,1994.98,3,2,65.47,28.22,57.06,6574.04,43.91,205.91,157.55,478.75,425.39,28,8,547,1.33,21,44,25,14,10,10,22,15,13,9,3,124
RP0206,1,262.57,2826.28,6,2,93.69,43.3,84.51,9464.9,66.52,310.71,241.07,755.95,676.9,48,10,818,1.468,30,58,34,22,15,11,30,23,22,10,5,172
RP0207,2,94.13,1013.21,4,2,38.44,20.7,54.32,8212.69,41.54,110.18,146.46,489.57,488.43,37,11,599,1.763,20,56,23,10,11,10,24,18,16,4,4,139
RP0208,2,179.71,1934.38,7,2,68.62,36.59,95.71,14123.78,87.07,211.27,319.03,1010.05,964.01,48,11,1129,1.845,28,79,43,18,14,11,41,31,30,9,5,218
RP0209,3,115.44,1242.58,7,3,59.26,27.91,87.08,17416.47,99.39,120.28,251.94,985.78,903.84,66,18,1085,2.235,24,91,49,14,19,16,42,30,26,9,5,225
RP0210,2,389.94,4197.28,6,3,188.81,79.37,241.31,32670.57,207.77,458.55,605.01,1979.67,1708.31,48,14,2336,2.017,55,155,87,30,13,15,76,37,46,13,5,398
RP0211,3,272.1,2928.86,5,3,152.75,59.27,202.97,37115.15,216.03,300.79,670.87,1952.17,1906.72,50,17,2374,2.265,47,158,91,23,17,16,75,42,50,11,4,399
RP0212,2,324.23,3489.98,8,4,134.22,62.42,180.37,29670.88,170.05,378.32,483.63,1780.81,1594.52,60,20,1910,2.034,44,134,76,27,16,19,68,37,42,13,5,348
RP0213,2,135.46,1458.08,5,3,62.8,26.19,74.48,11385.66,68.39,159.78,236.19,736.18,627.71,40,14,888,1.732,23,65,36,15,14,14,31,24,19,7,4,171
RP0214,3,382.97,4122.25,8,4,185.28,91.97,282.13,52974.26,306.39,446.24,845.63,3444.1,2906.94,71,22,3374,2.577,59,211,128,33,20,20,128,51,75,12,5,566
RP0215,2,340.1,3660.8,6,3,160.71,64.77,187.9,27098.08,165.79,393.97,580.52,1814.74,1667.98,45,15,1975,2.069,48,126,73,26,15,17,68,37,46,11,5,346
RP0216,3,116.81,1257.33,5,4,67.84,27.95,88.6,16223.25,89.03,141.77,270.15,939.45,774.4,63,20,1135,2.166,27,90,43,13,17,17,38,23,21,9,4,212
RP0217,3,93.03,1001.37,6,3,51.82,22.72,72.1,14201.72,70.37,99.21,241.78,766.93,662.8,55,17,927,2.229,22,81,39,11,17,15,33,27,20,7,5,193
RP0218,3,134.92,1452.27,8,4,67.38,32.61,96.11,20648.33,113.88,148.59,294.3,1254.27,1218.57,72,23,1191,2.376,27,101,55,13,20,20,53,29,35,7,4,260
RP0219,2,300.91,3238.97,6,3,130.96,62.7,167.31,24898.76,141.38,368.76,524.5,1617.8,1652.7,44,14,1800,2.044,44,118,63,26,11,14,63,37,45,10,5,323
RP0220,2,165.56,1782.07,4,3,79.57,33.68,94.24,14658.56,80.45,211.68,245.6,891.5,864.93,39,15,1099,1.847,27,77,41,17,13,15,38,21,24,8,4,200
RP0221,3,266.56,2869.23,8,4,144.9,64.22,195.3,40765.95,222.65,309.83,702.74,2420.83,1997.13,63,18,2416,2.406,43,167,96,23,18,17,94,45,52,11,5,430
RP0222,2,271.93,2927.03,6,3,111.79,54.27,153.06,20138.48,136.72,328.7,443.46,1635.4,1631.15,62,16,1773,1.952,36,104,61,24,16,15,64,32,42,9,4,295
RP0223,1,381.48,4106.21,7,3,146.17,62.89,132.94,14232.5,106.27,449.75,284.06,1093.98,1024.95,56,15,1329,1.575,40,77,51,29,13,15,44,29,29,12,5,233
RP0224,2,348.53,3751.54,5,2,143.36,68.81,193.06,28121.23,167.94,394.81,506.7,1901.03,1859.02,37,11,2194,1.976,46,133,72,26,11,11,74,35,48,12,4,357
RP0225,3,111.49,1200.07,4,3,56.42,26.97,88.99,16249.67,74.59,129.2,294.25,894.72,811.39,51,17,989,2.211,24,87,36,12,17,17,38,26,24,9,3,205
RP0226,1,245.24,2639.74,5,2,75.04,37.12,81.02,8616.3,64.8,267.97,201.34,711.64,691.03,37,9,807,1.503,25,55,34,19,10,10,30,22,21,8,4,162
RP0227,1,327.3,3523.02,7,3,121.74,51.74,107.52,10737.99,83.33,366.23,277.17,906.47,766.82,54,13,984,1.545,36,68,42,24,15,12,39,31,21,11,4,207
RP0228,3,208.23,2241.37,6,4,102.36,49.54,166.15,28435.8,141.87,229.43,459.74,1983.09,1800.02,61,23,1738,2.351,35,132,63,17,19,19,78,35,48,10,4,344
RP0229,1,249.1,2681.29,4,2,87.93,41.75,83.19,9626.11,52.28,270.64,204.27,648.8,576.74,34,10,749,1.465,29,56,27,18,10,11,26,19,19,10,3,155
RP0230,1,147.2,1584.45,5,1,52.31,25.71,47.7,5435.82,35.11,164.79,120.05,418.49,408.67,38,5,447,1.272,22,38,24,14,11,7,20,22,15,8,5,124
RP0231,2,134.09,1443.33,5,3,54.72,29.14,83.4,11860.83,62.87,166.49,241.66,714.17,595.8,45,17,866,1.687,26,69,33,13,15,15,31,20,20,9,4,175
RP0232,2,309.42,3330.57,8,3,121.75,59.89,158.82,25020.01,178.43,357.57,515.47,1856.36,1755.2,60,15,2071,1.97,39,118,79,25,17,14,72,36,47,11,5,337
RP0233,3,281.34,3028.32,6,4,141.56,67.34,220.73,39827.54,211.05,369.14,731.76,2421.19,2424.61,49,17,2368,2.384,46,171,91,25,16,17,92,39,63,11,5,441
RP0234,1,157.88,1699.4,5,2,58.99,24.88,46.2,4510.31,40.78,195.68,121.6,406.11,409.74,38,9,569,1.416,21,38,23,16,11,10,20,17,14,6,4,116
RP0235,1,184.25,1983.25,5,2,69.35,28.19,59.86,6449.16,44.54,220.61,154.18,497.1,425.42,38,9,588,1.312,24,43,25,15,12,10,21,23,15,7,4,133
RP0236,2,397.91,4283.06,8,3,166.3,82.6,214.26,33503.11,220.34,486.21,601.82,2461.01,2266.02,53,14,2382,2.136,51,146,97,31,15,15,92,41,59,13,5,420
RP0237,3,261.82,2818.2,8,4,147.92,61.46,195.48,37222.62,214.28,287.9,601.64,2282.66,2063.12,70,22,2473,2.542,47,161,95,23,20,21,87,43,55,12,5,422
RP0238,2,123.51,1329.45,2,3,55.83,26.5,72.03,11273.93,46.64,153.19,215.59,664.2,628.46,28,17,767,1.558,23,68,22,15,10,16,28,16,19,6,3,159
RP0239,1,309.74,3334.01,6,2,111.74,51.28,112.83,10639.2,73.16,341.09,283.29,837.53,743.95,42,9,904,1.571,32,66,37,22,11,10,34,25,21,12,4,188
RP0240,2,385.91,4153.9,8,3,163.68,80.14,219.53,35317.52,229.52,435.46,561.97,2286.92,2174.64,62,15,2265,2.111,51,152,100,28,17,16,84,41,56,13,5,417
RP0241,3,88.6,953.68,6,4,47.52,23.35,74.4,11613.09,77.48,112.43,224.65,792.12,790.35,61,20,910,2.266,24,70,39,12,18,20,34,27,25,5,5,188
RP0242,1,95.64,1029.46,3,2,36.58,15.2,33.83,3521.75,20.55,108.53,74.99,247.19,250.09,23,10,322,1.174,17,30,15,10,9,12,12,17,12,6,4,91
RP0243,1,372.33,4007.72,8,3,142.0,63.05,131.28,11863.28,102.06,418.14,319.24,1034.82,1045.84,57,12,1218,1.686,42,72,49,27,14,13,41,30,29,12,6,227
RP0244,3,179.64,1933.63,5,5,85.68,44.93,135.48,27847.42,127.7,233.18,425.67,1554.13,1414.32,53,26,1632,2.319,36,126,58,19,17,22,61,33,39,10,5,311
RP0245,1,180.5,1942.88,5,1,64.43,28.76,60.2,6132.37,47.33,214.26,143.83,511.74,434.81,34,6,587,1.337,23,45,26,17,10,7,22,19,16,7,4,131
RP0246,1,343.29,3695.14,6,2,129.76,57.25,123.44,12402.66,86.89,405.74,255.34,1008.66,943.48,43,9,1105,1.517,38,71,41,25,12,10,39,24,26,12,4,209
RP0247,1,84.38,908.26,2,2,32.05,13.27,29.97,2754.37,16.51,104.12,64.23,212.23,194.6,21,10,281,1.11,11,27,13,9,8,12,12,13,9,5,3,76
RP0248,2,83.09,894.37,4,3,39.61,15.75,45.83,7475.01,40.46,93.69,141.38,431.72,387.5,38,16,547,1.762,18,52,22,11,12,15,23,19,13,8,3,131
RP0249,2,384.89,4142.92,8,2,165.32,82.9,214.75,34369.98,235.1,438.87,634.51,2202.98,1933.47,58,11,2400,2.135,52,149,100,29,16,11,83,37,50,13,4,406
RP0250,3,186.32,2005.53,6,4,96.79,42.0,141.4,25849.21,138.51,211.78,497.28,1647.54,1552.91,64,21,1624,2.274,35,121,65,17,20,19,66,34,40,9,3,313
RP0251,1,329.76,3549.5,6,2,105.48,56.16,113.5,11910.29,86.19,402.01,291.68,935.89,820.12,39,10,979,1.54,36,68,42,26,12,11,38,24,24,12,4,201
RP0252,1,374.25,4028.39,8,2,133.07,57.71,118.42,11627.36,94.95,419.62,272.2,1123.42,1134.99,59,9,1203,1.706,37,70,46,27,14,11,43,31,33,13,5,224
RP0253,3,126.63,1363.03,7,3,76.93,29.98,89.06,17963.97,83.63,158.6,326.99,1079.46,1021.17,52,15,1095,2.25,28,90,43,14,17,15,45,28,30,8,5,232
RP0254,2,338.86,3647.46,7,4,155.83,64.45,166.06,30306.73,180.11,405.36,616.41,1930.34,1602.72,53,19,2058,2.104,47,133,79,25,14,19,72,39,43,14,4,356
RP0255,3,161.24,1735.57,6,3,79.82,38.93,128.8,23133.09,128.04,198.64,423.39,1394.69,1305.04,53,18,1423,2.301,31,108,58,18,16,17,52,29,35,9,4,272
RP0256,3,249.15,2681.83,7,3,119.75,54.27,178.57,39940.39,194.12,264.43,612.5,2276.89,2045.9,58,16,2159,2.411,38,161,83,20,18,14,87,42,55,11,5,407
RP0257,3,137.9,1484.34,4,2,73.56,33.88,105.5,22083.22,91.72,153.43,366.61,1087.07,991.34,37,14,1249,2.201,33,105,41,14,13,13,45,26,27,10,4,246
RP0258,2,206.94,2227.48,6,3,94.8,41.67,120.06,18168.44,105.32,263.09,342.81,1194.2,1051.43,48,14,1248,1.853,30,91,50,21,15,12,49,26,29,9,4,240
RP0259,2,81.24,874.46,5,3,37.76,16.79,41.92,7281.36,37.92,92.34,123.5,490.97,423.38,49,15,526,1.677,16,50,22,10,15,15,22,23,16,6,5,131
RP0260,2,283.15,3047.8,5,4,123.98,55.48,166.7,23035.56,123.31,343.65,485.44,1537.47,1370.32,50,19,1724,1.916,38,113,56,22,14,18,61,32,38,10,5,297
RP0261,2,396.12,4263.8,8,3,170.59,82.63,210.23,31629.62,224.64,427.69,623.9,2352.2,2283.84,47,13,2420,2.145,53,142,95,28,14,14,87,40,58,12,4,410
RP0262,1,234.7,2526.29,5,2,95.35,37.95,85.14,8725.15,54.28,244.72,169.8,625.22,589.98,35,9,738,1.447,26,54,28,18,11,11,26,20,18,8,4,150
RP0263,1,195.11,2100.14,4,3,72.99,30.42,64.81,5836.82,43.68,218.3,163.27,490.66,501.1,32,13,667,1.396,23,43,23,17,11,14,21,18,17,9,3,126
RP0264,1,368.15,3962.73,8,2,137.7,55.71,120.19,12785.75,95.8,455.29,279.34,1160.12,1058.59,54,10,1209,1.634,36,74,45,29,15,11,44,25,29,12,4,221
RP0265,1,378.47,4073.81,7,3,131.82,54.69,123.63,12488.96,96.45,472.59,291.9,1131.86,1151.81,52,13,1179,1.706,37,75,47,29,16,13,45,31,33,12,5,232
RP0266,1,367.85,3959.5,6,3,137.17,57.87,121.88,12522.93,84.08,432.51,334.37,978.73,939.47,42,15,1181,1.558,40,72,40,27,13,14,40,31,28,12,4,217
RP0267,2,340.91,3669.52,7,2,140.67,69.77,205.9,28665.24,190.75,433.11,536.05,1983.28,1707.62,53,12,2324,2.031,47,135,84,30,14,11,77,39,46,12,4,369
RP0268,2,217.42,2340.29,5,3,98.97,44.34,113.43,18910.5,108.3,262.11,398.14,1172.58,1131.96,46,15,1396,1.839,31,90,49,19,13,15,47,31,33,9,5,244
RP0269,2,120.8,1300.28,4,3,51.84,24.79,65.5,10609.33,53.17,139.66,185.67,607.85,624.69,38,14,763,1.642,22,61,28,12,14,14,26,24,20,9,4,157
RP0270,1,354.87,3819.79,8,2,133.44,58.41,113.66,11579.51,83.04,416.07,273.96,971.33,919.05,52,9,1134,1.655,42,69,44,26,12,10,37,29,26,10,6,214
RP0271,3,193.98,2087.98,7,3,96.43,45.3,152.64,29530.0,160.72,221.61,483.45,1710.43,1679.05,54,17,1768,2.339,36,130,74,18,17,16,65,35,45,10,5,334
RP0272,3,279.65,3010.12,6,5,157.87,63.98,213.03,42650.63,201.01,312.29,716.8,2342.46,2400.99,68,24,2449,2.489,48,177,85,23,19,21,89,40,61,11,4,440
RP0273,1,207.71,2235.77,4,3,72.15,32.39,76.9,6694.02,48.57,255.86,175.5,548.05,500.96,33,14,676,1.265,23,48,25,19,9,14,23,19,18,9,4,137
RP0274,1,155.87,1677.77,4,3,58.63,24.32,49.94,5656.58,37.55,191.5,116.51,427.14,364.86,36,14,465,1.342,20,38,23,16,10,14,21,16,13,8,3,115
RP0275,1,382.04,4112.24,8,3,139.31,62.82,129.51,13464.31,101.44,488.38,290.39,1118.99,976.2,57,13,1256,1.744,41,76,50,30,15,15,46,28,26,12,5,232
RP0276,2,312.36,3362.21,7,4,157.89,60.18,164.09,28165.37,153.09,354.84,463.01,1873.77,1694.32,57,21,1948,2.221,44,123,68,24,15,19,74,36,45,10,5,341
RP0277,3,118.22,1272.51,6,4,58.43,28.22,95.44,16840.57,84.91,128.85,320.52,947.91,838.16,62,21,1075,2.267,24,93,40,14,19,20,39,27,25,7,4,216
RP0278,3,148.07,1593.81,6,3,79.1,38.22,121.54,23148.77,115.15,159.16,365.2,1254.66,1065.94,57,17,1356,2.274,30,113,54,14,17,14,51,27,29,10,3,265
RP0279,2,394.05,4241.51,8,3,159.21,77.19,211.52,31671.17,213.26,472.14,681.42,2276.04,2061.91,61,17,2213,2.155,50,144,92,30,18,15,86,41,54,15,5,404
RP0280,2,99.48,1070.79,5,2,40.38,18.87,54.82,8540.87,42.87,115.96,176.09,537.51,521.19,43,10,622,1.782,18,57,24,10,14,10,24,23,18,6,4,142
RP0281,2,189.66,2041.48,6,3,76.66,36.66,105.49,16363.72,95.03,223.89,332.59,1057.58,1044.58,51,15,1114,1.861,27,85,48,18,14,15,42,28,29,8,4,223
RP0282,3,105.26,1133.01,6,3,56.62,24.33,81.96,15728.0,72.16,123.77,251.97,895.25,832.33,61,15,1008,2.189,25,86,41,13,19,15,37,25,25,8,5,210
RP0283,2,348.22,3748.21,7,3,143.97,72.3,191.23,30073.45,181.74,400.87,523.66,2088.11,1956.35,56,15,2075,2.035,47,134,80,27,14,15,78,37,51,12,4,371
RP0284,3,206.09,2218.33,7,3,110.09,50.65,142.23,33958.66,168.4,234.07,548.28,1859.86,1796.48,64,16,1822,2.363,39,139,77,21,20,17,72,36,47,8,5,357
RP0285,3,241.38,2598.19,6,3,132.64,53.29,186.27,33686.66,166.86,285.49,619.53,1919.43,1694.84,45,14,2332,2.449,41,148,73,22,15,15,74,38,45,11,4,365
RP0286,2,247.86,2667.94,6,3,107.96,51.85,128.44,20232.66,125.13,275.77,370.81,1505.07,1387.82,50,15,1623,1.926,37,101,57,20,14,14,59,29,37,11,4,279
RP0287,2,214.06,2304.12,7,3,95.2,44.4,122.13,16186.46,119.86,259.48,366.98,1197.66,1164.82,59,15,1348,1.956,34,89,56,19,16,16,48,29,32,9,5,249
RP0288,2,233.2,2510.14,6,3,101.54,47.36,136.9,20469.38,109.71,262.17,399.68,1408.11,1290.75,52,16,1539,1.938,35,99,54,20,15,14,56,30,36,10,4,270
RP0289,3,290.1,3122.61,7,4,148.57,72.11,235.69,40627.54,213.65,326.0,761.94,2467.72,2425.77,71,21,2670,2.363,51,173,92,24,20,20,95,45,64,12,4,454
RP0290,1,333.64,3591.27,5,2,123.41,55.22,112.89,11506.21,84.8,400.0,268.25,919.12,761.18,35,9,1040,1.475,36,65,41,26,10,10,37,24,24,9,3,196
RP0291,1,242.16,2606.59,6,2,87.14,37.89,87.8,8310.72,60.83,276.81,187.63,707.46,629.91,44,10,765,1.465,28,59,34,20,13,10,29,25,21,8,4,169
RP0292,3,345.3,3716.77,8,5,182.21,81.61,280.71,54894.27,268.15,401.07,828.42,3020.93,2983.36,78,24,2970,2.549,54,219,113,27,20,21,113,43,74,11,5,542
RP0293,2,160.71,1729.87,7,4,71.98,30.55,83.13,13407.73,91.11,176.35,267.39,830.4,764.18,55,19,1011,1.839,25,73,46,15,15,19,36,27,23,9,4,195
RP0294,3,267.65,2880.96,6,3,157.45,62.62,201.96,38469.33,203.5,303.5,696.61,2278.84,2287.79,60,18,2525,2.379,46,165,86,22,18,18,87,41,58,12,4,421
RP0295,2,127.16,1368.74,5,3,58.91,27.63,71.26,9505.26,62.87,139.46,213.5,683.42,586.85,45,17,749,1.751,22,61,32,11,14,17,30,23,19,8,4,162
RP0296,1,359.92,3874.14,7,2,126.38,57.69,127.07,12658.37,103.62,437.24,260.92,898.1,745.45,43,10,1182,1.631,39,74,53,29,11,10,36,26,21,11,4,214
RP0297,1,190.23,2047.62,5,3,73.42,28.36,58.26,6173.16,45.68,217.78,153.38,517.48,482.51,38,13,592,1.303,25,44,25,17,11,15,25,21,15,10,4,139
RP0298,3,125.23,1347.96,6,4,62.53,30.53,92.33,19144.8,94.54,135.74,329.55,1017.05,845.36,65,20,1182,2.256,27,93,44,13,17,20,43,31,24,6,5,227
RP0299,1,258.36,2780.96,6,2,99.79,40.62,84.12,9811.98,65.28,302.57,201.42,741.16,612.68,43,9,798,1.478,31,58,33,19,10,11,30,24,19,9,5,171
RP0300,3,125.23,1347.96,3,3,71.53,32.59,93.38,18022.53,73.52,145.54,272.73,981.12,949.87,43,18,1077,2.157,29,94,35,14,16,18,41,25,29,9,4,225
RP0301,1,370.76,3990.82,8,4,132.77,55.6,121.28,11817.33,106.92,446.45,332.76,1150.78,1013.44,60,18,1265,1.578,36,70,51,30,14,16,45,30,28,12,4,221
RP0302,3,265.96,2862.77,7,4,147.45,63.34,181.84,40012.97,229.23,327.38,650.78,2260.85,1946.52,56,19,2342,2.465,45,166,98,24,16,20,86,45,53,11,5,425
RP0303,3,195.4,2103.27,4,3,95.31,47.51,142.7,27919.9,127.25,229.78,448.16,1688.27,1597.09,51,16,1867,2.217,35,126,57,17,17,16,67,29,43,10,3,315
RP0304,2,196.73,2117.58,4,2,95.0,39.72,116.07,14546.44,87.02,237.64,351.92,983.42,983.99,40,11,1221,1.825,31,80,42,19,14,12,39,28,28,8,4,215
RP0305,2,382.07,4112.56,6,2,184.39,80.44,200.1,34696.08,208.15,388.83,629.97,2283.88,2098.21,45,12,2273,1.956,53,150,90,27,12,13,86,34,52,14,4,407
RP0306,2,296.67,3193.33,7,3,118.38,64.93,180.35,24418.82,153.87,324.07,474.78,1611.74,1576.71,51,14,1837,2.085,41,116,68,23,15,12,63,37,44,10,4,318
RP0307,2,387.96,4175.96,8,2,185.31,77.62,227.02,29378.4,193.57,475.94,579.59,2190.3,1798.97,54,12,2370,2.273,52,137,83,33,14,12,83,39,47,13,4,383
RP0308,1,101.09,1088.12,3,2,41.05,16.53,36.72,3310.73,22.52,125.71,82.77,262.48,235.85,30,10,369,1.246,14,35,15,11,10,12,13,18,11,6,4,95
RP0309,2,116.18,1250.55,4,2,48.24,23.78,67.09,9487.91,59.29,125.99,210.12,648.07,613.19,38,12,773,1.672,22,63,29,11,13,10,29,21,18,7,3,158
RP0310,3,209.68,2256.97,6,3,107.26,49.61,178.1,30093.96,161.79,224.03,499.26,1640.32,1541.4,56,18,1860,2.234,36,138,73,18,17,18,65,31,41,9,4,335
RP0311,1,316.92,3411.3,7,2,119.78,51.92,107.31,11713.36,79.28,323.45,252.17,884.35,847.12,41,9,951,1.599,36,67,41,23,13,10,35,26,26,10,5,201
RP0312,1,328.54,3536.37,6,2,121.97,55.1,104.0,11753.43,88.17,352.3,265.92,933.53,866.02,43,9,1062,1.503,37,67,43,25,11,12,37,28,26,11,5,206
RP0313,1,228.64,2461.06,5,3,77.09,36.33,78.27,7758.68,62.64,246.76,203.25,617.28,533.54,35,13,803,1.466,25,50,33,17,10,15,26,22,17,9,4,150
RP0314,1,286.72,3086.23,5,3,96.67,46.46,93.36,9848.96,76.26,308.46,239.04,833.67,789.41,39,13,962,1.446,33,57,40,20,12,14,34,21,23,10,3,179
RP0315,1,383.46,4127.53,6,2,134.57,62.68,132.5,15010.97,83.82,468.45,337.52,1124.07,1047.47,44,9,1082,1.65,41,81,41,30,12,12,48,30,29,13,5,237
RP0316,2,294.52,3170.18,6,3,117.06,56.78,167.47,24801.61,161.05,382.78,466.26,1497.85,1429.05,46,15,1782,1.965,37,118,71,27,14,14,57,31,37,10,4,303
RP0317,2,301.07,3240.69,7,3,138.55,60.21,162.81,25593.09,142.91,313.75,486.08,1751.94,1733.64,52,16,1736,2.002,42,118,64,22,15,15,67,31,45,10,4,322
RP0318,1,163.94,1764.63,5,2,57.0,27.06,49.79,6012.41,34.92,190.45,150.37,488.65,446.07,39,8,509,1.349,20,42,22,16,10,10,21,23,16,6,5,126
RP0319,1,295.85,3184.5,6,2,106.55,46.68,96.88,11342.5,76.41,324.76,220.14,818.97,743.4,39,10,914,1.495,32,70,38,20,10,12,35,21,23,11,4,192
RP0320,2,327.47,3524.85,7,4,138.24,64.92,200.92,27922.1,181.92,393.64,540.89,1991.39,1921.64,60,18,2068,2.056,43,137,78,28,16,18,79,33,49,12,4,367
RP0321,3,133.74,1439.56,6,3,68.59,29.58,109.53,17855.24,94.81,154.0,366.61,1251.27,1110.57,55,16,1272,2.273,26,95,46,15,16,17,50,30,30,7,4,240
RP0322,3,336.31,3620.01,8,3,166.67,77.11,253.63,52382.58,282.05,354.95,741.78,2823.87,2888.3,69,16,2935,2.5,51,208,118,27,20,17,107,45,74,12,6,527
RP0323,3,125.09,1346.46,5,4,72.22,29.74,90.45,17558.32,81.14,130.53,298.92,1090.52,991.5,51,19,1268,2.178,28,90,39,13,16,18,46,27,28,9,4,226
RP0324,1,335.53,3611.61,7,1,108.58,55.55,114.5,13047.85,94.27,355.38,282.24,916.77,798.01,46,6,1063,1.582,35,74,47,23,14,7,37,22,24,11,4,208
RP0325,1,285.88,3077.18,6,2,101.49,47.91,98.98,9703.09,72.9,325.51,240.37,767.47,750.13,42,9,911,1.59,33,65,38,22,11,10,31,24,23,11,4,185
RP0326,2,310.92,3346.71,7,3,158.98,60.74,169.08,27039.59,157.45,353.92,475.55,1820.7,1737.08,62,15,1872,1.956,42,121,71,24,18,13,69,32,46,12,4,332
RP0327,2,300.3,3232.4,8,3,138.1,55.54,168.33,25378.54,176.43,342.28,439.1,1736.29,1487.38,64,15,1859,2.017,43,118,78,22,17,15,68,37,42,12,6,333
RP0328,2,307.45,3309.36,8,3,140.67,63.89,188.28,27811.22,189.52,343.68,468.56,1866.87,1858.12,63,15,1975,2.069,44,124,84,25,19,16,73,34,48,12,4,351
RP0329,1,376.27,4050.13,6,3,132.53,58.5,129.42,13786.13,88.39,442.85,335.78,1093.99,978.27,51,14,1327,1.646,36,76,44,28,15,14,43,26,27,12,4,219
RP0330,1,334.94,3605.26,8,3,112.41,49.04,109.31,13761.84,99.47,395.85,262.52,932.95,786.11,56,13,1150,1.628,33,70,50,24,14,15,38,27,23,14,4,208
RP0331,3,90.74,976.72,6,3,45.68,23.31,74.45,13312.8,70.83,103.32,237.78,743.36,750.54,48,17,862,2.128,23,79,35,11,16,16,34,22,20,8,4,187
RP0332,2,318.27,3425.83,7,4,159.67,60.99,176.33,24779.09,168.47,323.7,537.29,1806.45,1683.56,63,21,1848,2.083,45,116,76,21,16,19,70,34,46,12,4,335
RP0333,3,346.25,3727.0,7,5,185.59,87.39,232.07,50303.23,292.36,377.78,782.25,2639.42,2430.88,56,26,2990,2.567,58,198,122,26,18,22,97,43,62,13,4,501
RP0334,3,113.01,1216.43,5,3,62.3,27.9,90.89,17346.06,72.46,125.31,306.87,959.36,963.82,52,15,972,2.183,26,87,37,11,16,16,41,22,26,6,3,211
RP0335,3,217.06,2336.41,7,4,111.02,49.3,162.85,29378.14,163.19,233.77,564.71,1767.42,1777.26,56,20,2051,2.346,37,134,72,17,16,18,69,36,46,10,3,342
RP0336,2,258.25,2779.78,6,3,112.35,49.01,141.86,22146.86,127.69,317.25,457.56,1436.39,1327.74,52,14,1585,1.939,33,106,59,23,15,13,58,33,35,9,5,281
RP0337,1,184.6,1987.02,6,1,58.22,28.21,66.07,7258.73,47.17,209.57,152.95,481.59,426.49,45,5,604,1.358,22,47,28,16,14,7,22,24,14,7,5,139
RP0338,1,147.31,1585.63,5,2,52.85,25.02,48.36,5080.14,34.53,181.22,107.72,413.87,398.12,33,10,522,1.297,22,43,21,15,11,12,19,19,13,7,3,122
RP0339,3,369.99,3982.54,8,4,191.87,92.29,289.18,49639.77,316.81,414.52,961.76,3365.83,3227.15,57,20,3334,2.625,59,210,133,30,15,20,126,54,81,12,4,572
RP0340,3,374.71,4033.34,8,4,192.04,92.28,290.85,53958.75,329.57,463.38,924.38,3001.54,2623.95,65,20,3398,2.538,58,216,138,31,19,20,113,53,68,14,6,556
RP0341,3,311.8,3356.18,7,4,177.9,74.6,244.01,48927.73,244.24,386.72,740.74,2683.18,2368.97,64,23,2570,2.391,54,199,103,28,19,20,100,42,61,11,4,490
RP0342,3,364.23,3920.54,8,4,203.59,85.06,277.63,48429.11,288.67,421.89,850.43,3357.15,2910.25,65,18,3151,2.507,58,203,123,30,19,20,124,49,76,12,5,551
RP0343,1,364.91,3927.85,7,2,139.28,58.44,118.97,11815.85,91.66,436.46,305.29,944.51,823.09,43,9,1088,1.664,38,71,48,29,12,11,36,25,21,14,5,209
RP0344,1,190.84,2054.18,5,1,76.09,30.74,63.25,5974.83,49.59,191.7,144.78,491.29,494.54,36,5,614,1.41,26,44,31,14,10,6,22,18,17,6,4,136
RP0345,3,254.31,2737.37,8,5,131.05,58.83,187.63,35779.87,220.98,327.65,649.91,2165.96,2098.78,77,24,2463,2.396,41,152,95,25,22,23,83,44,56,10,5,404
RP0346,3,328.26,3533.36,7,4,173.24,82.48,270.55,48818.79,253.09,382.76,834.18,3240.86,2754.95,66,19,3108,2.539,55,203,108,28,19,18,121,46,70,13,4,528
RP0347,1,144.31,1553.34,4,1,51.29,23.13,48.26,5030.43,32.78,157.53,117.51,344.77,284.0,28,6,439,1.215,19,41,21,12,9,8,16,18,11,7,5,115
RP0348,1,175.27,1886.59,5,2,66.39,27.22,58.61,5804.93,39.18,199.1,155.91,524.54,435.3,37,11,560,1.346,21,40,24,16,11,11,23,21,16,8,5,127
RP0349,3,355.89,3830.76,8,4,185.36,80.03,249.95,53141.09,319.13,418.78,872.07,3234.92,2786.45,70,22,3367,2.577,55,208,133,29,21,18,120,50,70,14,5,549
RP0350,1,368.14,3962.62,8,3,135.56,58.42,137.15,13505.05,97.04,441.42,320.73,1022.09,856.31,55,14,1159,1.686,40,77,48,28,15,14,42,33,24,9,5,228
RP0351,1,218.77,2354.82,5,2,79.51,37.25,78.52,7514.88,51.28,249.35,187.7,593.75,551.53,39,9,676,1.346,26,52,30,17,11,10,27,19,17,7,4,149
RP0352,3,326.15,3510.65,7,4,159.37,74.98,266.82,48162.03,268.69,361.13,788.75,2965.67,2949.66,69,19,2968,2.551,50,200,114,26,19,19,111,43,74,13,4,517
RP0353,3,217.96,2346.1,6,4,112.11,50.48,159.98,31104.31,182.28,241.5,530.3,1691.21,1554.6,55,20,1967,2.219,39,140,77,18,16,19,65,40,43,10,6,349
RP0354,2,201.04,2163.97,6,2,85.22,44.6,120.68,17165.53,95.39,219.5,308.57,1106.09,1105.62,55,11,1142,1.83,31,90,47,18,15,12,44,31,31,9,5,238
RP0355,2,182.79,1967.53,4,2,73.46,35.81,99.71,16560.92,84.07,209.11,314.24,982.62,899.84,41,11,1006,1.698,27,79,42,17,12,10,42,22,24,8,4,207
RP0356,2,383.64,4129.46,8,4,179.14,74.15,192.94,30928.1,201.52,445.37,633.86,2365.29,2373.31,55,17,2432,2.092,51,136,89,30,15,16,89,41,61,13,5,405
RP0357,1,393.82,4239.04,8,3,150.62,64.48,152.99,14040.16,113.24,441.04,343.93,1194.85,1121.27,62,14,1305,1.67,41,86,54,29,16,15,47,30,31,14,5,250
RP0358,2,228.31,2457.51,7,3,100.73,43.02,124.05,19854.07,116.94,271.15,374.14,1206.91,1097.33,55,14,1441,1.912,34,97,56,21,16,14,49,32,30,8,4,256
RP0359,1,174.12,1874.21,3,2,67.76,28.38,56.54,6261.77,39.12,180.88,156.21,428.4,418.23,26,11,552,1.183,24,42,22,14,8,12,19,21,16,7,4,126
RP0360,2,138.63,1492.2,6,2,57.51,28.48,79.47,12196.95,68.5,161.54,251.51,791.96,746.74,46,12,912,1.758,21,68,36,16,13,13,35,27,23,8,4,180
RP0361,1,275.58,2966.32,6,2,102.67,45.8,92.75,10533.47,74.93,316.01,238.36,767.16,731.42,37,10,915,1.562,31,60,39,22,11,11,33,21,22,9,4,178
RP0362,2,299.63,3225.19,8,4,130.97,59.17,152.55,27192.1,162.2,333.92,514.77,1709.07,1564.63,65,18,1942,2.031,42,118,75,24,17,17,67,38,41,11,6,328
RP0363,1,99.33,1069.18,3,3,38.78,16.09,36.1,3299.6,21.66,113.57,74.73,249.22,225.45,25,11,322,1.247,15,34,17,11,11,13,14,18,10,7,3,97
RP0364,2,336.9,3626.36,7,3,164.6,71.1,185.79,27502.29,164.25,406.21,533.65,1970.64,1942.35,60,15,2251,2.029,48,129,72,28,15,14,74,36,52,11,5,361
RP0365,1,202.7,2181.84,6,3,76.26,35.42,69.61,6686.2,47.96,260.19,153.55,512.38,494.31,47,13,642,1.425,27,48,29,19,13,14,22,23,17,9,5,146
RP0366,1,265.04,2852.86,5,2,94.71,40.02,82.77,8108.4,51.7,351.74,228.73,693.21,594.75,33,9,785,1.395,29,54,29,23,10,9,28,19,19,9,3,156
RP0367,1,260.98,2809.16,7,2,100.09,39.76,87.07,9437.63,69.38,292.3,236.69,740.99,727.06,52,10,887,1.53,30,61,37,21,14,10,29,25,21,8,4,174
RP0368,3,351.28,3781.14,7,4,178.28,92.07,277.14,51916.82,290.95,400.02,786.88,3352.23,3362.67,62,19,3421,2.462,58,210,121,27,18,17,124,45,85,13,5,565
RP0369,1,203.71,2192.71,7,4,69.31,30.87,71.11,6959.36,54.55,226.87,173.45,608.22,523.45,58,16,675,1.515,23,47,30,16,13,16,26,27,18,8,5,148
RP0370,2,218.42,2351.05,7,3,89.6,40.45,120.91,18570.64,124.2,273.9,348.21,1254.65,1056.95,59,15,1289,1.947,31,94,58,20,17,17,49,31,27,10,4,248
RP0371,3,156.96,1689.5,6,4,79.86,36.7,131.06,23670.84,110.28,184.33,366.58,1271.41,1049.41,57,20,1370,2.179,32,113,52,16,19,19,53,31,30,9,5,273
RP0372,3,164.91,1775.07,7,3,89.4,37.95,133.96,24347.78,129.31,193.17,363.31,1565.3,1548.03,66,15,1643,2.298,31,118,61,17,18,14,64,29,41,9,4,302
RP0373,2,193.17,2079.26,6,3,77.52,38.8,98.88,15911.17,94.38,230.35,334.99,1217.67,1169.35,52,14,1200,1.905,29,79,46,19,15,15,50,28,34,9,4,231
RP0374,1,247.47,2663.74,6,1,81.8,42.81,94.28,9104.19,61.47,286.17,215.15,676.1,695.52,44,6,855,1.549,30,59,31,20,13,7,28,23,20,11,5,168
RP0375,2,249.19,2682.26,5,3,99.58,50.99,144.49,21594.59,131.4,284.67,414.72,1376.32,1285.73,46,16,1472,1.897,34,104,58,21,14,16,53,27,36,10,4,272
RP0376,1,210.38,2264.51,6,3,75.86,32.19,76.8,7741.62,51.56,251.11,161.09,639.38,572.8,48,14,674,1.555,26,52,28,18,13,13,28,24,19,8,4,153
RP0377,3,83.46,898.36,6,4,41.93,20.2,68.94,13223.99,69.81,93.07,192.68,723.81,644.43,58,25,790,2.197,22,75,35,13,18,22,32,23,21,8,3,180
RP0378,3,233.0,2507.99,7,4,124.54,58.01,179.94,31723.7,187.64,270.18,562.75,2158.27,1794.08,61,20,1956,2.378,41,144,82,22,20,20,84,38,47,11,5,379
RP0379,2,336.23,3619.15,7,3,155.75,67.14,180.34,26790.09,170.27,416.92,564.47,1907.55,1824.07,52,15,1962,2.032,46,126,74,28,15,14,71,33,47,11,4,347
RP0380,1,348.32,3749.28,5,2,128.47,54.71,116.49,12505.27,92.1,385.87,276.74,962.82,827.52,36,9,1062,1.602,38,68,44,24,10,12,40,27,28,11,5,212
RP0381,1,130.83,1408.24,3,2,46.23,22.08,44.34,4668.85,29.65,143.48,113.96,349.53,310.19,26,9,428,1.197,18,37,19,13,8,10,18,11,11,6,4,102
RP0382,3,97.04,1044.53,4,3,49.24,23.4,74.2,13897.52,62.35,116.96,232.84,721.79,597.76,47,18,898,2.149,26,78,31,11,17,18,31,22,19,9,3,182
RP0383,2,315.73,3398.49,7,3,142.8,58.37,164.8,26688.66,143.99,360.91,520.18,1786.92,1641.73,48,15,1738,2.009,42,121,65,23,15,14,69,33,43,13,4,327
RP0384,1,262.31,2823.48,6,2,92.63,41.5,94.14,8901.99,67.15,328.15,219.17,758.84,631.73,37,8,871,1.368,30,59,35,22,11,11,33,28,21,11,5,180
RP0385,1,122.76,1321.38,3,2,46.91,20.18,45.3,3876.58,29.54,136.62,101.74,338.74,291.24,26,9,428,1.163,19,38,19,9,8,11,16,14,10,7,3,104
RP0386,2,257.7,2773.86,6,3,112.5,45.03,127.0,21228.18,148.39,268.61,414.67,1587.62,1602.26,53,15,1619,1.902,34,102,64,21,15,15,60,28,43,10,4,288
RP0387,3,81.2,874.03,3,3,43.04,18.61,61.39,12321.13,51.95,98.13,213.73,665.01,614.51,41,17,700,2.06,19,71,28,10,14,15,30,17,18,7,3,162
RP0388,1,371.85,4002.56,6,2,130.97,52.94,116.14,13729.03,89.43,406.67,329.76,1106.88,1030.23,38,9,1108,1.664,38,74,44,25,11,10,44,26,29,11,4,222
RP0389,2,226.01,2432.75,7,3,102.2,45.03,115.92,17775.78,126.91,243.71,362.01,1278.6,1281.47,51,16,1350,1.825,34,93,59,18,16,14,51,31,35,10,4,260
RP0390,3,342.32,3684.7,6,4,190.29,81.98,283.5,51853.66,256.81,385.68,873.26,2573.19,2139.39,64,19,3140,2.517,55,209,107,29,18,18,96,49,56,12,5,497
RP0391,3,304.06,3272.87,6,4,143.42,66.47,217.79,41372.76,201.65,347.65,734.21,2799.98,2466.77,57,21,2704,2.418,47,174,90,26,16,20,104,43,63,11,5,458
RP0392,3,265.99,2863.09,8,4,139.75,62.23,214.23,41504.93,219.41,306.06,634.72,2394.96,2135.67,68,19,2442,2.468,47,175,94,23,19,19,90,39,55,11,4,437
RP0393,1,140.28,1509.96,5,2,52.89,21.55,49.34,5228.79,36.21,151.99,122.43,393.1,380.35,41,10,524,1.269,19,38,22,14,13,12,20,21,14,7,4,118
RP0394,3,95.07,1023.32,4,4,48.82,22.46,75.56,13430.54,59.89,103.37,212.58,738.28,695.35,50,20,854,2.073,23,78,31,12,17,19,33,18,23,7,4,184
RP0395,1,98.62,1061.54,4,2,36.44,14.48,35.06,3615.93,23.35,111.97,89.78,317.97,285.18,35,10,363,1.194,14,31,16,11,11,11,16,16,11,5,3,92
RP0396,1,269.32,2898.93,5,2,89.43,42.45,99.37,8871.51,66.29,304.07,202.17,724.66,619.14,33,10,794,1.455,31,61,33,21,10,10,28,24,20,8,5,171
RP0397,1,374.41,4030.11,7,1,135.97,61.18,141.02,12455.83,81.79,452.23,325.85,1023.31,914.12,45,5,1144,1.666,39,75,42,29,13,7,41,30,27,12,6,221
RP0398,3,158.69,1708.12,5,3,87.84,37.5,121.75,24467.62,126.67,172.41,414.78,1312.25,1287.11,47,18,1462,2.245,30,114,55,15,15,17,55,29,36,10,4,279
RP0399,1,156.9,1688.86,4,2,57.23,24.79,51.45,6025.53,33.41,177.3,116.37,401.52,408.34,33,9,461,1.297,23,42,21,14,10,12,17,17,13,7,3,118
RP0400,1,135.93,1463.14,4,1,48.67,20.27,48.12,4587.86,30.55,147.55,99.34,407.81,412.71,32,6,480,1.29,19,38,20,11,10,6,17,20,14,7,4,113
RP0401,1,181.88,1957.74,6,2,60.78,28.84,64.96,6736.36,43.64,190.06,156.49,478.71,431.0,45,9,591,1.388,23,46,26,14,11,11,22,22,16,9,4,136
RP0402,1,334.16,3596.86,7,2,107.84,57.38,120.55,11088.46,85.12,374.44,277.79,907.98,826.51,53,9,1097,1.579,35,67,42,25,14,10,37,23,24,11,5,199
RP0403,2,205.47,2211.66,8,3,85.05,44.23,111.35,17701.79,110.2,221.38,345.92,1211.64,1171.12,68,14,1357,1.948,32,85,54,17,18,14,47,32,31,9,5,241
RP0404,1,383.17,4124.4,6,3,134.39,57.91,117.72,13629.62,92.29,420.88,342.57,1097.04,1010.23,46,14,1202,1.624,39,71,45,28,13,15,43,28,28,12,4,220
RP0405,1,247.81,2667.4,7,4,97.46,36.6,75.43,8506.01,65.58,256.02,181.91,798.8,733.24,58,18,824,1.455,31,53,35,19,16,17,33,26,23,10,5,173
RP0406,3,377.72,4065.74,8,5,195.27,93.26,292.22,49543.9,308.24,389.19,902.58,3037.96,2584.18,73,25,3369,2.554,59,209,129,26,20,23,113,54,66,13,5,542
RP0407,1,356.63,3838.73,6,2,120.8,52.06,113.56,13136.11,90.93,435.82,261.51,1104.27,908.51,43,9,1109,1.666,35,74,43,29,12,10,44,24,27,11,6,218
RP0408,3,244.19,2628.44,6,3,124.31,56.29,191.32,37295.27,191.63,270.05,531.06,2108.04,2129.07,60,17,2209,2.321,42,155,80,22,19,15,81,35,55,11,4,393
RP0409,2,169.08,1819.96,5,2,72.53,33.1,95.3,14092.87,85.24,195.16,262.15,932.74,804.4,38,11,955,1.759,28,76,43,16,13,11,36,23,24,9,3,199
RP0410,1,361.13,3887.17,6,2,135.81,60.86,128.75,13292.05,89.09,426.03,294.91,995.03,892.64,46,10,1023,1.628,42,75,45,26,13,10,40,28,26,11,4,222
RP0411,1,300.96,3239.5,7,2,109.04,54.44,117.55,8653.73,79.76,358.52,225.89,864.1,875.83,44,10,947,1.555,36,59,40,24,14,10,33,23,25,11,5,188
RP0412,2,396.65,4269.5,8,3,170.67,76.72,214.94,30815.13,212.84,441.65,601.28,2221.65,2226.59,63,15,2365,2.119,51,144,91,29,18,14,84,38,56,13,4,402
RP0413,1,103.0,1108.68,4,3,37.89,17.53,33.95,3702.56,22.8,113.74,89.12,270.27,233.36,35,14,357,1.252,17,32,17,12,11,14,15,17,10,6,4,97
RP0414,1,83.48,898.57,3,2,29.67,12.02,27.84,2942.87,16.96,86.45,72.04,215.59,181.16,27,9,266,1.16,13,29,12,10,9,10,11,17,8,6,3,83
RP0415,2,306.15,3295.37,6,3,139.01,58.82,168.27,27087.48,138.91,323.61,544.09,1755.42,1545.63,46,16,1648,2.028,40,124,62,24,14,16,66,34,40,13,4,320
RP0416,3,106.93,1150.98,6,5,57.44,25.11,83.21,14297.2,80.84,128.22,283.66,895.09,906.73,59,24,978,2.166,22,81,39,13,17,22,38,27,26,7,4,201
RP0417,3,162.55,1749.67,5,3,83.82,38.23,120.13,22816.57,114.16,197.26,374.49,1306.3,1113.01,53,17,1477,2.244,31,112,52,16,16,17,52,30,31,8,4,269
RP0418,1,256.78,2763.95,6,2,92.04,39.96,87.68,10005.27,63.27,298.19,217.16,720.68,732.71,44,9,872,1.431,29,59,35,19,13,10,30,24,21,11,5,172
RP0419,1,372.41,4008.58,7,3,137.1,57.42,109.79,12752.39,109.22,424.14,313.08,1083.03,1032.84,44,13,1195,1.683,39,71,55,27,14,14,45,27,30,12,5,229
RP0420,3,316.11,3402.58,8,5,156.26,75.93,246.15,45949.98,246.68,376.07,719.87,2837.31,2745.3,75,23,3157,2.524,51,192,106,27,21,22,107,40,70,12,4,496
RP0421,1,187.13,2014.25,3,2,59.57,31.3,65.5,6735.32,39.35,205.61,154.06,453.83,398.97,26,10,590,1.312,23,46,23,16,7,11,21,19,13,8,3,129
RP0422,3,150.96,1624.92,4,3,75.53,34.55,121.33,23452.97,107.73,170.87,350.89,1170.01,994.06,43,16,1423,2.225,30,115,48,14,15,15,48,24,28,7,4,259
RP0423,1,285.05,3068.25,7,3,106.36,45.86,96.69,9963.16,76.18,328.53,246.22,800.3,768.86,51,12,917,1.453,34,61,40,20,14,13,32,29,24,9,5,188
RP0424,1,154.51,1663.13,4,1,58.48,23.21,52.5,5187.85,35.74,184.26,118.78,383.48,377.32,34,6,462,1.232,19,40,22,13,10,7,18,19,12,6,3,114
RP0425,1,121.85,1311.58,3,1,44.64,22.11,45.26,4240.96,25.27,150.84,98.16,308.24,282.39,24,6,384,1.246,17,36,18,12,9,7,17,19,11,6,5,107
RP0426,3,315.27,3393.53,7,4,157.32,77.54,251.01,44705.42,252.11,366.1,774.7,2748.94,2365.88,64,22,2845,2.502,50,188,105,26,19,21,104,44,60,12,5,480
RP0427,1,91.39,983.71,3,2,36.07,13.81,31.46,3146.41,19.6,100.61,77.81,249.23,249.98,27,11,326,1.201,15,30,15,10,9,12,15,16,8,7,4,92
RP0428,2,377.53,4063.7,7,3,158.77,72.93,214.37,35575.8,209.15,455.79,580.83,2182.78,2078.95,58,14,2426,2.072,49,153,89,30,15,14,83,38,55,13,5,407
RP0429,1,87.79,944.96,4,3,32.65,14.66,30.16,3284.37,21.46,105.77,78.42,227.19,226.8,37,15,331,1.208,16,29,16,8,11,14,13,21,12,4,4,94
RP0430,1,385.37,4148.08,7,3,127.52,58.48,128.95,13568.39,97.41,431.4,349.47,1117.14,1112.71,48,14,1273,1.635,37,80,46,30,13,15,46,31,31,13,5,235
RP0431,3,397.5,4278.65,8,4,203.93,86.07,294.48,57510.69,307.91,474.54,971.93,3507.57,3256.22,69,19,3543,2.603,58,228,129,33,19,19,129,50,82,16,5,591
RP0432,3,325.76,3506.45,8,4,164.2,74.23,248.06,47171.05,256.66,398.09,717.23,2854.59,2640.49,68,20,2682,2.568,50,194,111,27,20,19,108,40,68,12,5,500
RP0433,1,201.45,2168.39,5,1,70.0,32.44,66.1,6911.11,42.88,239.86,168.62,551.58,498.6,33,6,629,1.486,27,46,24,17,10,10,24,23,17,9,5,143
RP0434,3,101.55,1093.07,3,2,54.99,24.45,86.7,16681.87,65.66,107.19,276.09,730.4,613.68,31,13,993,2.03,23,91,32,10,14,14,32,20,18,8,3,192
RP0435,2,157.9,1699.62,4,3,68.11,30.11,84.3,14384.86,67.08,179.16,276.72,812.31,676.11,39,14,959,1.769,28,76,31,16,12,16,36,23,21,7,4,190
RP0436,1,235.56,2535.54,6,3,97.44,37.0,73.02,7544.78,64.61,283.08,194.84,651.55,558.2,47,13,777,1.474,28,48,32,23,14,15,27,21,16,8,4,150
RP0437,3,113.52,1221.92,4,3,57.01,27.35,90.43,17078.86,78.83,135.41,258.72,838.31,799.76,47,15,1067,2.166,23,89,40,14,14,15,36,27,24,8,4,207
RP0438,1,320.05,3444.99,6,2,118.61,51.66,100.44,11869.09,79.8,375.88,288.63,958.51,869.49,47,10,1035,1.573,37,68,40,24,13,10,37,26,25,13,5,203
RP0439,1,230.43,2480.33,5,1,92.37,39.74,82.33,7509.21,52.13,267.55,193.38,639.89,549.56,39,5,743,1.418,28,51,28,20,13,7,27,22,18,8,4,151
RP0440,3,212.09,2282.92,6,3,108.19,49.78,170.57,27864.83,175.49,247.35,481.99,1736.9,1635.97,51,16,1883,2.361,38,128,76,21,16,15,67,32,44,11,5,335
RP0441,2,319.66,3440.79,5,3,129.7,61.92,176.74,24924.37,134.99,360.85,578.04,1835.07,1592.95,45,15,1862,1.962,41,114,62,25,12,15,70,35,42,12,4,317
RP0442,2,188.45,2028.46,7,3,86.36,36.43,101.83,16120.16,90.3,221.85,318.1,1126.76,1049.3,49,15,1160,1.822,26,80,46,18,14,14,44,29,29,10,5,219
RP0443,3,219.19,2359.34,6,4,110.66,53.47,184.85,32501.19,177.08,254.05,496.45,1841.67,1632.99,61,22,2105,2.34,38,147,78,20,18,21,70,34,44,9,5,359
RP0444,1,268.84,2893.77,5,2,97.26,43.16,87.8,9730.06,61.56,308.6,199.64,819.54,792.71,35,10,786,1.438,31,58,33,22,11,13,32,19,23,12,5,174
RP0445,1,258.03,2777.41,5,2,101.21,40.78,86.74,9450.66,55.75,280.47,206.6,688.78,662.27,38,10,819,1.436,29,59,30,19,10,11,31,23,19,10,4,168
RP0446,3,290.88,3131.0,7,4,163.94,66.15,219.96,46351.14,232.7,315.34,696.58,2781.28,2404.41,55,19,2418,2.487,49,187,101,24,17,19,105,44,62,11,5,479
RP0447,3,158.0,1700.7,6,4,90.18,38.27,117.97,20692.4,124.37,188.41,433.16,1237.86,1128.31,64,22,1398,2.16,31,105,58,14,18,21,50,32,31,8,4,264
RP0448,2,363.15,3908.91,8,4,170.28,71.27,187.42,31377.74,201.98,413.54,592.94,2248.78,2080.01,69,19,2367,2.062,48,141,87,29,18,20,84,40,55,13,5,395
RP0449,2,321.92,3465.11,8,3,139.78,65.05,181.71,25762.31,174.92,353.4,591.3,2022.29,1988.63,58,14,1923,2.161,44,124,77,24,15,14,76,39,52,11,4,356
RP0450,2,330.23,3554.56,7,4,155.51,66.02,184.46,26585.9,161.52,362.1,530.48,1829.56,1734.56,54,18,1983,2.023,47,128,74,24,15,18,70,38,46,13,5,350
RP0451,1,368.81,3969.83,7,2,144.5,61.21,125.39,13918.76,93.68,471.01,289.56,1062.73,905.99,50,10,1195,1.663,40,77,44,32,12,11,41,25,26,11,5,222
RP0452,3,215.1,2315.31,6,3,117.95,48.68,159.22,32520.46,166.06,266.82,591.76,1945.25,1709.71,50,16,1962,2.302,38,139,71,21,16,15,75,39,47,13,5,357
RP0453,2,189.88,2043.85,3,3,80.82,35.26,97.63,16375.21,81.59,233.48,296.12,1001.75,923.82,28,14,1167,1.739,30,82,38,16,11,14,44,20,28,10,3,215
RP0454,3,365.72,3936.57,8,4,199.48,90.39,287.64,49970.89,301.42,378.56,820.94,3264.63,3183.67,67,20,3375,2.658,61,209,124,27,18,18,120,50,83,14,6,565
RP0455,1,274.58,2955.55,5,1,94.74,42.86,91.28,9830.9,60.03,334.74,236.75,754.14,764.95,29,6,799,1.428,28,57,31,22,8,8,31,27,21,10,4,170
RP0456,2,183.5,1975.18,5,3,87.45,32.7,94.6,16778.19,92.9,212.58,282.1,1049.4,1052.36,43,18,1008,1.823,29,82,46,17,13,18,44,22,29,9,4,221
RP0457,1,160.85,1731.37,3,1,51.0,24.46,48.68,5072.93,35.63,172.36,135.62,402.94,367.16,24,6,486,1.323,17,38,21,13,8,8,22,17,13,6,4,113
RP0458,2,133.93,1441.61,6,4,57.86,29.08,79.74,9752.13,69.34,158.71,215.38,692.07,643.01,54,19,926,1.817,24,64,38,16,16,18,31,25,20,10,4,175
RP0459,2,131.51,1415.56,3,2,59.87,26.42,69.99,12021.84,60.53,148.08,222.43,705.19,705.85,32,11,806,1.619,23,66,31,14,11,11,30,22,22,7,4,170
RP0460,3,178.64,1922.86,5,4,87.87,45.5,144.29,26013.57,131.38,210.88,414.0,1448.92,1491.34,55,20,1674,2.296,33,124,59,18,17,20,57,27,38,10,3,296
RP0461,3,199.02,2142.23,6,4,89.56,48.86,139.81,30755.26,164.53,250.03,534.59,1824.79,1684.86,47,20,1875,2.397,34,133,73,20,18,18,72,34,44,9,4,339
RP0462,3,123.33,1327.51,6,3,65.24,29.5,97.83,17684.38,89.93,135.65,290.41,1094.81,942.62,65,16,1195,2.228,24,92,43,14,19,15,45,28,27,8,4,226
RP0463,2,205.05,2207.14,5,2,87.69,40.79,111.42,17587.09,95.07,241.04,325.21,1065.34,876.69,36,10,1273,1.807,30,87,45,18,11,13,43,27,25,10,5,224
RP0464,2,268.12,2886.02,6,3,124.87,53.38,148.5,23786.53,142.87,319.95,468.57,1330.91,1288.76,49,14,1532,1.98,38,110,66,22,15,14,54,34,36,9,4,290
RP0465,2,130.23,1401.78,4,3,54.14,25.45,79.31,11375.39,63.12,141.08,230.24,701.84,579.07,38,15,806,1.682,23,64,33,14,12,14,32,23,19,6,4,168
RP0466,3,348.24,3748.42,8,3,193.2,91.33,280.69,54321.78,295.24,369.06,849.66,2959.86,2869.09,69,15,3540,2.557,61,217,123,26,19,16,111,44,73,13,4,549
RP0467,2,197.46,2125.44,7,3,88.99,39.38,107.99,14912.87,103.57,218.79,343.83,1145.99,1105.88,52,14,1319,1.822,29,81,52,16,15,15,47,26,30,9,5,230
RP0468,1,379.84,4088.56,7,3,142.32,58.2,123.2,13466.3,107.87,439.32,282.83,1208.31,1029.65,55,14,1134,1.65,37,77,52,29,13,13,48,28,28,13,4,233
RP0469,3,193.67,2084.64,6,4,95.15,47.37,151.82,30813.13,148.96,220.95,476.08,1743.08,1610.38,61,20,1801,2.327,35,136,67,19,18,20,69,34,44,11,5,338
RP0470,1,326.02,3509.25,7,3,125.1,50.53,121.94,9971.56,89.36,381.92,236.26,911.06,799.34,48,13,1021,1.569,36,67,43,24,13,14,38,27,25,12,6,205
RP0471,2,271.12,2918.31,4,3,118.75,56.13,151.66,21825.83,119.6,337.89,489.51,1426.86,1410.68,39,16,1527,1.834,39,108,53,25,14,15,58,28,39,10,4,287
RP0472,2,256.83,2764.49,6,2,125.41,51.09,158.7,21074.32,141.03,292.85,453.8,1565.42,1310.24,40,10,1674,1.876,39,106,63,22,12,11,61,32,36,10,5,293
RP0473,1,379.62,4086.19,8,3,135.76,63.45,132.21,12371.56,109.93,427.47,312.81,1109.63,972.34,53,14,1202,1.68,42,75,54,29,15,15,44,31,29,13,6,237
RP0474,1,195.23,2101.44,6,3,74.45,32.22,65.05,7354.26,45.46,228.0,142.78,560.89,556.47,50,14,601,1.322,25,48,26,19,13,15,26,22,20,7,4,145
RP0475,3,275.64,2966.96,8,4,155.24,67.35,231.44,40372.85,235.23,327.11,741.32,2326.08,2104.49,73,22,2557,2.493,50,176,102,25,20,20,89,44,54,10,5,445
RP0476,2,212.98,2292.5,4,3,100.36,46.88,126.37,17142.54,100.89,247.62,386.01,1110.92,973.24,42,16,1341,1.906,34,90,45,18,13,13,44,28,27,9,4,234
RP0477,3,187.63,2019.63,7,4,95.14,47.91,151.16,25234.45,169.71,202.83,412.49,1553.16,1413.58,67,22,1678,2.311,36,123,75,17,19,20,61,32,40,10,4,316
RP0478,3,263.39,2835.1,6,4,133.51,66.06,208.49,36464.79,203.32,301.55,659.34,2223.97,2186.26,58,21,2435,2.408,45,162,86,25,18,18,85,41,57,10,4,414
RP0479,3,306.42,3298.27,6,4,152.69,71.72,219.74,46353.04,220.44,355.16,826.13,2509.85,2173.74,60,21,2551,2.406,49,187,94,27,18,19,96,46,57,13,4,461
RP0480,2,80.42,865.63,5,3,31.76,14.26,47.7,6880.33,37.25,94.27,128.85,421.5,364.66,37,13,487,1.748,17,52,23,10,12,13,22,20,14,4,4,130
RP0481,1,134.32,1445.81,2,1,46.73,19.89,41.64,4811.34,26.05,140.95,116.83,361.15,316.14,18,5,417,1.287,19,36,17,12,7,7,17,17,11,7,4,106
RP0482,1,125.32,1348.93,4,2,46.59,20.64,42.1,4230.13,28.26,157.06,97.09,334.85,322.17,34,9,427,1.233,18,31,19,13,10,10,15,14,11,7,2,94
RP0483,2,236.21,2542.54,6,4,103.26,49.22,134.4,19585.69,125.67,292.76,399.98,1313.82,1244.96,52,21,1583,1.851,35,96,58,21,15,19,52,32,35,9,4,265
RP0484,3,266.52,2868.79,7,3,145.35,61.96,198.45,38642.92,206.88,339.78,716.41,2405.58,2252.47,61,17,2480,2.448,44,162,89,24,17,17,92,41,58,11,5,424
RP0485,3,399.41,4299.21,8,3,203.63,95.27,314.88,64344.71,298.97,405.42,917.73,3216.76,2788.9,64,18,3434,2.654,61,247,126,28,18,17,119,51,72,14,5,591
RP0486,3,394.27,4243.88,8,4,210.61,89.73,309.1,58847.29,291.42,495.86,983.93,3338.12,3359.67,61,22,3821,2.57,60,234,124,33,18,21,123,50,83,15,5,591
RP0487,1,247.24,2661.27,4,1,91.82,39.83,85.51,7910.24,53.68,282.14,219.46,619.64,529.26,29,6,711,1.394,29,54,27,20,11,8,26,24,17,9,4,157
RP0488,2,271.46,2921.97,8,4,106.74,51.62,161.09,24021.56,164.44,300.88,442.27,1651.71,1532.17,63,21,1867,1.999,34,119,73,22,18,19,65,36,41,10,5,317
RP0489,3,356.56,3837.98,8,5,184.63,88.17,251.99,50479.25,300.33,435.19,788.35,3337.14,2879.49,71,25,3461,2.529,56,203,126,30,19,23,125,46,73,14,5,547
RP0490,2,300.73,3237.03,8,4,126.57,61.56,165.09,24573.01,151.93,333.44,538.66,1699.51,1651.59,75,19,1910,1.997,44,118,66,26,17,18,64,39,45,9,5,326
RP0491,3,331.81,3571.57,7,4,166.38,74.9,260.67,50518.15,245.99,408.22,754.77,2922.58,2620.18,63,19,2928,2.512,51,205,105,28,18,20,111,46,68,12,5,514
RP0492,2,168.73,1816.19,5,3,78.95,34.9,96.51,14136.94,77.68,186.79,297.98,886.58,804.36,48,15,996,1.867,28,77,40,15,14,13,36,25,21,10,4,198
RP0493,2,102.16,1099.64,6,4,45.31,19.77,56.93,8234.46,51.25,123.21,151.08,538.72,527.57,50,19,687,1.671,18,55,29,13,15,20,25,24,17,7,5,147
RP0494,1,359.39,3868.44,7,2,138.21,61.37,122.32,12017.32,89.73,395.24,303.02,1074.36,918.8,55,9,1161,1.706,38,75,46,26,13,9,45,27,26,12,4,222
RP0495,1,178.74,1923.94,5,2,62.64,28.51,58.37,6038.1,41.33,227.23,149.3,468.62,452.99,37,11,570,1.306,22,43,24,18,11,12,22,20,16,9,5,130
RP0496,3,194.43,2092.83,6,4,112.75,44.41,153.57,27413.26,151.51,225.98,463.54,1716.18,1639.17,59,23,1826,2.287,37,128,70,18,17,22,67,31,43,8,4,328
RP0497,3,202.65,2181.3,8,4,99.73,50.79,171.37,30494.8,172.05,234.41,449.3,1847.12,1525.08,68,20,1952,2.36,37,140,77,18,19,18,71,37,43,11,5,351
RP0498,3,305.77,3291.28,8,3,143.68,74.8,229.43,44922.53,263.3,340.18,670.59,2651.91,2473.5,72,17,2751,2.468,50,183,110,25,19,15,101,41,64,12,5,478
RP0499,2,377.29,4061.11,8,4,187.25,68.27,187.92,35025.92,214.19,422.96,595.64,2290.01,2298.59,67,18,2413,2.165,52,150,93,27,19,17,87,42,60,14,5,420
RP0500,3,177.46,1910.16,5,3,91.18,42.34,150.91,25680.63,111.48,218.27,463.85,1432.04,1419.52,58,17,1627,2.169,35,123,50,17,17,17,57,30,39,9,4,296
RP0501,3,343.15,3693.63,8,4,181.06,83.71,262.71,49820.09,303.99,394.01,847.69,3207.22,3208.19,79,19,3223,2.6,57,205,125,28,22,18,119,47,82,13,4,552
RP0502,2,86.58,931.94,4,2,40.04,17.32,44.25,7861.56,39.52,85.36,143.6,475.24,465.58,40,12,540,1.682,18,52,25,10,14,12,23,23,17,8,4,138
RP0503,1,282.48,3040.59,6,1,95.08,46.12,91.33,10953.21,73.54,327.13,224.13,727.36,735.86,38,5,848,1.479,29,61,38,23,11,8,29,22,22,10,4,174
RP0504,1,214.66,2310.58,5,2,77.31,33.45,70.08,7030.85,50.3,252.33,156.54,605.55,542.49,33,9,647,1.364,26,50,31,17,12,12,26,22,19,8,4,150
RP0505,3,159.94,1721.58,5,2,79.63,36.32,125.28,21463.86,120.73,179.43,382.1,1240.98,1032.08,48,13,1383,2.261,28,109,56,15,16,14,52,28,28,8,4,262
RP0506,1,102.4,1102.22,3,1,35.69,16.37,32.57,3817.18,21.93,114.04,81.32,283.67,272.4,23,5,325,1.163,15,30,18,10,8,6,15,13,10,6,4,90
RP0507,2,297.72,3204.63,7,3,138.88,60.5,166.35,24726.52,156.17,332.4,433.36,1799.0,1730.34,64,14,1663,2.037,43,115,69,24,17,14,68,32,44,11,4,323
RP0508,2,357.38,3846.8,8,4,139.93,75.21,197.64,30445.53,186.16,480.96,551.92,2087.99,1720.44,56,21,2046,2.118,45,137,83,31,17,19,78,36,47,11,4,370
RP0509,3,383.08,4123.43,8,4,203.16,89.12,289.2,57274.61,292.22,447.5,945.11,3497.41,3006.25,80,23,3375,2.494,60,225,125,32,21,20,129,50,76,15,4,581
RP0510,1,196.63,2116.51,3,1,71.58,29.76,61.21,6498.26,39.63,216.7,177.98,484.07,424.93,23,6,619,1.307,22,45,22,15,8,9,21,19,14,7,3,126
RP0511,3,132.95,1431.06,5,2,71.22,29.74,99.73,19887.04,91.23,151.6,294.84,1116.9,917.1,52,12,1259,2.175,30,97,44,15,16,13,47,25,27,8,4,238
RP0512,2,381.26,4103.84,7,4,175.3,77.93,219.63,32559.19,206.23,433.46,637.49,2104.78,1821.01,66,16,2345,2.176,53,148,91,29,16,17,80,38,48,13,4,396
RP0513,2,258.35,2780.85,7,2,100.06,50.08,151.65,20156.98,142.16,325.91,386.56,1568.13,1558.87,47,11,1706,1.979,34,104,65,23,14,11,61,29,41,11,5,291
RP0514,3,337.04,3627.86,7,4,176.28,77.22,275.78,51873.48,285.4,395.08,911.33,3198.6,2969.59,57,22,3374,2.505,54,211,121,26,17,19,117,51,75,14,5,547
RP0515,1,342.09,3682.22,6,2,122.78,52.81,107.53,12119.82,83.34,411.29,282.74,982.34,970.69,50,10,1035,1.652,34,69,42,28,14,9,41,25,26,12,4,206
RP0516,1,212.45,2286.79,6,2,75.83,31.24,71.74,8059.45,49.55,234.16,160.46,613.63,622.77,45,10,651,1.482,26,54,30,17,12,10,25,22,20,10,4,153
RP0517,1,283.0,3046.18,5,2,102.75,46.09,100.02,10264.81,64.5,349.33,209.8,787.36,651.41,41,9,882,1.541,31,62,32,22,12,12,31,22,21,10,5,176
RP0518,1,288.35,3103.77,5,2,96.68,48.32,106.2,10943.73,71.03,329.32,240.19,857.31,832.85,37,9,932,1.479,34,66,36,22,11,11,34,25,27,9,5,195
RP0519,2,114.67,1234.3,6,3,51.75,23.01,63.6,9271.69,57.67,146.15,194.62,636.9,527.0,58,13,725,1.784,19,58,32,12,16,15,28,19,16,7,4,150
RP0520,3,243.34,2619.29,7,5,117.79,61.77,205.37,36269.86,189.88,275.31,633.83,2184.21,2042.78,74,23,2296,2.404,42,159,83,21,21,23,83,40,53,10,4,401
RP0521,2,351.08,3778.99,7,3,167.55,68.74,183.7,29330.69,206.32,406.24,590.93,1801.61,1772.76,59,15,2100,2.031,47,131,88,27,17,14,67,40,47,12,5,359
RP0522,1,251.35,2705.51,5,2,88.85,35.76,85.75,8704.3,62.75,278.52,187.29,704.63,717.89,34,9,859,1.405,28,54,33,20,10,11,30,23,21,9,5,164
RP0523,3,344.87,3712.15,8,5,190.64,77.79,264.25,54415.27,290.22,372.84,869.98,2971.08,2498.66,69,20,3523,2.484,55,212,122,26,20,19,111,48,67,13,5,534
RP0524,1,134.58,1448.61,4,1,53.33,20.94,40.36,4380.78,32.39,155.34,113.31,345.37,296.25,28,6,418,1.257,20,37,20,12,11,8,17,18,13,7,4,111
RP0525,2,172.86,1860.65,5,3,78.49,36.95,99.22,15121.67,87.97,205.84,253.86,1043.77,983.21,44,15,972,1.782,30,78,43,15,14,14,41,25,28,8,4,214
RP0526,2,299.78,3226.8,6,2,136.17,64.34,163.03,24701.11,161.75,342.7,530.66,1729.09,1437.71,45,11,1700,2.052,45,116,72,25,14,11,67,33,39,11,4,323
RP0527,2,276.99,2981.49,5,3,116.82,52.33,163.3,21884.14,122.69,320.56,413.35,1520.5,1549.62,48,15,1706,1.889,36,108,57,24,15,13,58,29,42,9,4,289
RP0528,2,389.69,4194.58,8,3,154.6,73.15,195.52,32881.33,220.06,480.47,576.2,2558.45,2124.65,61,16,2132,2.206,49,142,94,31,17,14,95,38,55,14,4,410
RP0529,2,296.82,3194.94,8,3,137.43,67.31,184.77,24800.12,154.88,346.3,525.79,1712.84,1470.02,55,13,1763,2.027,42,120,69,24,15,13,66,37,40,11,5,324
RP0530,3,285.69,3075.14,8,4,131.72,67.76,225.8,41930.2,223.22,322.36,723.52,2337.78,2320.82,72,20,2593,2.426,47,174,94,23,20,18,90,48,61,12,5,446
RP0531,1,304.48,3277.39,5,1,111.14,45.19,100.36,10097.18,68.39,338.88,245.14,830.29,806.25,34,5,859,1.592,34,65,36,23,12,7,33,21,23,10,4,186
RP0532,1,251.65,2708.74,6,1,84.31,37.89,82.73,9366.32,65.09,273.56,188.94,740.34,697.09,43,6,777,1.429,27,54,34,21,11,9,30,28,22,9,4,167
RP0533,3,158.39,1704.89,6,4,85.6,36.17,113.56,23616.89,121.38,176.05,409.34,1443.55,1238.59,65,23,1338,2.247,29,109,58,16,18,20,56,32,34,11,5,276
RP0534,3,177.29,1908.33,6,3,84.62,44.49,137.53,27551.05,135.12,194.29,478.76,1488.74,1445.27,52,17,1649,2.369,34,126,63,17,17,16,58,34,41,8,5,311
RP0535,2,345.59,3719.9,7,3,149.39,64.86,207.62,27651.11,171.59,395.98,511.74,2128.99,1838.9,57,14,2116,2.157,44,132,76,27,16,14,79,33,48,12,5,362
RP0536,1,205.89,2216.18,5,2,66.39,31.83,73.14,7997.41,56.19,234.44,176.91,602.29,607.91,40,10,659,1.414,23,50,29,16,11,11,26,25,20,8,4,148
RP0537,3,362.76,3904.71,8,4,182.63,84.61,276.47,55423.84,307.7,451.31,830.44,3344.93,3405.79,66,22,3099,2.525,58,217,129,30,20,21,125,50,86,16,5,580
RP0538,3,345.35,3717.31,8,4,161.73,84.49,252.2,43074.09,280.05,364.41,871.56,2966.0,2593.37,65,21,3177,2.608,55,187,117,26,19,19,110,53,66,12,5,506
RP0539,3,124.2,1336.88,6,3,66.61,28.62,92.8,16223.42,95.53,137.2,310.17,1051.33,903.02,52,15,1163,2.211,29,86,46,13,15,15,44,28,27,7,5,226
RP0540,1,306.22,3296.12,7,3,110.68,50.38,107.95,10653.9,81.9,357.72,247.19,928.62,935.9,57,14,957,1.552,36,66,44,26,13,13,34,28,28,11,4,202
RP0541,1,164.75,1773.35,5,2,58.87,27.92,59.39,5355.6,42.84,183.02,123.27,490.64,411.32,41,9,552,1.396,20,41,27,14,11,10,23,20,12,10,4,129
RP0542,1,290.55,3127.45,6,2,98.01,44.62,102.66,9222.08,75.16,314.69,251.42,783.01,718.21,42,9,940,1.515,31,60,38,22,12,10,34,23,22,11,5,181
RP0543,1,360.03,3875.33,7,2,135.2,58.31,128.2,12512.59,98.84,420.29,331.04,1040.65,943.63,45,10,1085,1.603,42,74,47,27,12,11,43,29,29,11,5,229
RP0544,2,318.63,3429.7,8,4,140.15,55.83,168.87,28517.36,185.35,367.98,463.94,1837.18,1824.69,58,20,2045,2.073,40,127,79,26,16,18,70,37,51,11,5,349
RP0545,1,181.72,1956.02,5,2,66.73,28.36,63.77,6243.63,43.36,215.91,160.53,507.65,448.37,37,9,541,1.289,25,41,27,15,12,8,23,23,16,7,3,134
RP0546,2,394.15,4242.59,8,3,153.99,79.95,207.39,33917.69,212.09,463.02,644.91,2306.65,2038.74,63,15,2366,2.188,49,147,93,31,16,14,88,41,54,16,5,408
RP0547,3,234.05,2519.29,8,4,136.46,55.39,181.95,32540.83,204.12,296.17,605.09,2157.02,2185.02,73,20,2177,2.387,41,147,88,22,20,20,82,38,56,8,4,391
RP0548,2,232.38,2501.32,5,2,103.84,46.8,125.93,19612.9,114.99,260.61,363.84,1284.32,1240.37,47,12,1411,1.882,34,93,51,19,14,13,52,27,35,9,4,255
RP0549,1,149.81,1612.54,4,2,58.13,23.94,50.9,4602.37,33.36,171.16,111.14,400.68,389.24,32,9,520,1.296,21,38,24,15,11,11,20,19,12,7,4,119
RP0550,2,182.42,1963.55,5,2,86.27,37.33,90.57,14793.35,92.19,211.48,267.17,935.25,867.36,41,10,1045,1.739,29,78,45,17,14,11,39,25,25,11,3,208
RP0551,2,189.56,2040.4,6,3,78.13,36.16,109.06,17081.36,104.94,225.17,346.47,999.57,837.73,56,15,1207,1.855,28,85,50,17,15,15,41,29,25,10,4,221
RP0552,2,310.81,3345.53,7,3,145.26,60.25,177.89,23406.14,162.93,393.56,449.23,1863.9,1912.46,54,14,1859,2.142,43,117,71,26,16,14,69,35,52,12,6,338
RP0553,2,156.05,1679.71,5,4,60.23,32.54,86.75,12812.3,68.37,173.45,232.12,839.77,751.89,53,19,894,1.779,24,73,33,14,15,18,37,23,22,11,4,186
RP0554,1,84.84,913.21,3,2,32.23,13.85,30.69,3155.41,18.55,101.23,67.23,247.18,237.46,26,9,303,1.13,17,30,15,10,10,12,15,13,10,6,3,89
RP0555,1,108.02,1162.72,5,3,39.5,18.32,34.55,3679.45,29.06,119.57,97.45,312.23,280.21,41,13,383,1.196,16,33,20,10,10,13,17,19,11,5,4,103
RP0556,2,334.69,3602.57,8,3,141.3,65.32,177.38,27417.0,193.8,395.52,495.45,1970.92,1769.61,59,14,2101,2.141,45,125,84,26,16,16,75,38,48,12,6,358
RP0557,1,290.05,3122.07,6,2,101.83,44.45,101.65,10165.14,77.25,324.39,246.76,952.19,858.83,39,9,884,1.591,30,65,39,22,12,10,37,26,27,10,5,194
RP0558,1,143.3,1542.47,4,2,49.54,21.56,46.48,5117.24,36.82,173.61,112.34,395.93,401.6,38,9,491,1.298,19,42,21,15,11,11,19,18,15,7,4,118
RP0559,2,355.11,3822.37,7,3,162.44,65.36,196.83,30997.15,161.03,429.46,572.56,2149.66,2076.48,51,13,2202,2.123,48,137,73,27,14,14,82,40,54,12,4,379
RP0560,2,379.54,4085.33,8,4,164.6,75.9,219.97,30913.83,205.84,419.52,547.39,2176.4,2110.31,65,19,2357,2.086,49,143,91,27,19,18,83,40,57,13,5,401
RP0561,3,290.15,3123.15,8,4,144.44,66.96,218.49,43829.95,249.79,315.66,765.18,2580.72,2248.98,68,20,2591,2.424,47,178,105,25,18,19,96,43,58,11,5,457
RP0562,1,228.65,2461.17,6,3,81.11,37.44,82.02,8844.65,61.32,274.4,177.7,637.73,557.91,42,14,732,1.358,27,57,34,19,14,14,28,19,17,10,4,160
RP0563,2,250.09,2691.94,5,3,117.21,49.7,150.66,19420.52,113.04,290.66,437.0,1371.69,1249.16,46,15,1428,1.889,37,100,51,22,16,17,55,28,34,11,4,268
RP0564,1,112.75,1213.63,2,1,38.53,17.82,39.25,4305.74,21.22,131.14,86.21,262.25,266.8,20,5,331,1.191,17,39,14,13,8,7,15,16,13,7,4,103
RP0565,2,298.81,3216.36,6,3,111.72,60.46,170.31,24756.54,148.75,353.22,536.93,1650.03,1692.78,49,16,1924,1.94,40,119,65,24,16,15,64,34,46,10,4,321
RP0566,3,293.02,3154.04,7,4,142.36,70.23,215.4,44737.17,243.59,325.5,801.12,2537.91,2183.12,66,19,2582,2.438,46,181,104,25,20,19,96,41,57,10,3,454
RP0567,3,94.59,1018.16,5,4,48.45,24.28,81.26,14332.35,64.94,103.49,247.08,739.4,629.16,54,18,862,2.099,23,80,33,11,15,17,33,26,21,8,5,189
RP0568,1,172.11,1852.57,3,2,58.41,27.92,62.05,6648.83,37.73,196.75,154.24,438.3,386.67,30,10,514,1.24,23,46,22,15,10,10,21,19,14,7,3,128
RP0569,2,379.64,4086.41,8,3,170.1,77.2,219.17,33557.87,215.27,463.78,678.64,2507.38,2220.93,63,14,2305,2.188,51,147,96,29,17,12,94,42,59,13,5,424
RP0570,2,100.97,1086.83,4,2,45.41,20.92,58.03,8818.02,43.56,120.42,185.27,552.36,562.93,41,12,653,1.694,19,56,23,13,13,11,26,25,20,6,3,146
RP0571,1,100.31,1079.73,4,2,39.89,17.04,38.17,3801.35,24.88,111.72,92.2,268.67,251.27,31,10,342,1.116,16,34,19,9,10,12,17,21,11,5,5,106
RP0572,2,193.07,2078.19,5,2,88.17,39.3,98.22,16833.46,83.95,212.47,320.39,1114.46,1140.94,47,11,1146,1.83,30,87,40,17,13,10,45,27,32,7,4,229
RP0573,2,147.48,1587.46,4,2,66.51,28.2,81.85,13047.72,62.52,179.58,260.89,833.04,758.96,36,11,881,1.793,22,72,33,16,11,11,36,21,21,9,3,179
RP0574,1,102.34,1101.58,2,1,36.65,15.41,29.79,3909.27,21.19,127.68,75.36,252.75,226.25,21,6,290,1.273,13,34,14,13,9,9,15,11,8,8,2,87
RP0575,2,258.76,2785.27,6,3,112.47,55.44,158.93,21938.84,125.72,270.11,375.54,1518.74,1542.48,54,15,1683,1.901,36,110,55,20,15,14,60,30,43,11,5,294
RP0576,3,168.21,1810.6,5,3,86.56,42.61,134.07,25284.66,110.92,201.09,456.96,1501.96,1294.14,54,17,1492,2.241,34,120,51,19,16,15,58,29,35,9,4,289
RP0577,3,99.07,1066.38,5,3,55.91,21.96,76.59,14404.56,74.68,116.4,222.85,874.26,785.77,58,17,926,2.169,24,80,38,12,18,16,38,21,24,8,5,199
RP0578,2,361.49,3891.04,8,3,152.33,73.95,201.39,31188.68,196.73,418.49,588.59,2212.22,2161.93,67,14,2312,2.144,48,143,85,29,19,14,83,37,56,11,5,395
RP0579,1,392.4,4223.75,8,4,138.68,60.28,132.48,13709.07,116.01,509.07,348.99,1161.34,1072.06,55,18,1416,1.628,38,75,55,33,15,18,47,31,31,14,5,237
RP0580,2,95.06,1023.22,5,3,44.34,18.82,53.38,8164.5,46.42,112.59,143.83,536.63,460.24,48,16,536,1.638,21,55,27,12,16,17,26,19,15,4,4,143
RP0581,1,191.56,2061.93,5,2,65.55,30.4,61.71,7410.98,42.38,208.38,168.9,526.73,537.69,35,10,607,1.345,25,48,26,15,10,11,26,23,19,7,3,143
RP0582,2,259.2,2790.0,8,4,111.67,45.73,131.33,22291.46,145.12,283.59,450.97,1389.91,1351.31,61,19,1581,2.001,34,104,69,22,17,18,53,34,37,10,4,282
RP0583,1,331.46,3567.8,8,2,128.21,51.33,120.87,11525.19,89.36,352.84,271.75,905.81,825.36,59,10,1083,1.6,36,73,47,24,14,12,37,26,25,11,4,210
RP0584,1,324.56,3493.53,5,2,112.84,50.1,105.34,10787.82,79.05,370.14,257.23,885.6,747.04,40,9,1003,1.535,34,64,38,25,10,12,38,23,22,12,3,190
RP0585,2,334.5,3600.52,8,3,145.6,74.25,189.68,30062.2,191.59,385.02,504.29,1741.66,1741.26,59,16,2197,2.094,48,130,85,26,17,16,68,39,46,12,5,358
RP0586,2,136.77,1472.18,3,2,62.11,27.31,74.64,10835.61,57.96,158.31,230.06,733.31,703.94,32,12,855,1.714,21,64,31,14,13,14,32,21,21,7,3,165
RP0587,3,137.29,1477.78,6,4,70.01,34.62,110.64,20132.34,103.15,155.57,338.75,1123.14,1022.99,59,21,1202,2.226,30,103,47,16,17,20,48,29,29,9,3,249
RP0588,3,148.0,1593.06,7,4,75.71,34.53,111.11,23159.21,118.75,183.36,347.87,1327.44,1251.9,63,21,1367,2.327,29,108,54,17,18,20,53,30,36,10,5,271
RP0589,1,310.98,3347.36,6,2,117.62,49.03,99.51,10751.1,75.15,356.76,268.76,834.09,767.2,41,9,922,1.593,37,62,37,25,13,10,35,29,24,9,4,192
RP0590,3,387.74,4173.59,8,5,190.04,94.35,310.4,59052.16,272.37,402.68,945.93,3443.62,2953.63,77,25,3518,2.591,60,236,116,28,21,24,126,51,76,13,5,585
RP0591,2,363.72,3915.05,6,3,160.42,74.77,210.59,30297.99,170.19,403.95,563.69,2129.8,2152.57,54,15,2277,2.122,49,141,74,25,15,16,81,36,55,11,5,385
RP0592,2,205.23,2209.08,5,2,95.08,39.06,119.52,17089.27,94.9,229.98,325.59,1172.57,1149.06,45,11,1125,1.865,30,90,44,18,12,11,49,26,30,10,5,237
RP0593,1,222.77,2397.87,4,2,79.3,37.5,74.34,7971.14,43.2,255.23,178.24,556.12,473.39,33,9,699,1.379,26,54,23,20,11,10,24,19,16,10,3,145
RP0594,1,249.12,2681.5,3,2,82.06,36.67,82.41,9445.04,54.86,253.84,223.19,607.18,499.02,27,9,779,1.465,28,59,28,18,9,11,26,21,15,9,3,157
RP0595,2,234.34,2522.41,6,3,103.36,46.63,123.66,19183.35,122.43,283.23,350.66,1302.42,1331.39,47,13,1499,1.866,33,94,56,22,13,14,52,29,37,10,5,262
RP0596,1,321.23,3457.69,8,3,120.07,52.4,110.4,11067.95,77.41,387.75,290.91,1006.85,930.54,52,14,1070,1.606,36,66,40,25,15,16,39,30,27,11,5,205
RP0597,3,121.43,1307.06,5,5,69.36,31.25,99.26,15787.3,87.59,148.84,268.76,1039.68,1068.8,60,24,1167,2.14,30,88,43,14,17,23,43,26,31,8,4,229
RP0598,2,338.96,3648.53,6,3,144.47,68.61,199.29,30501.34,185.31,396.61,612.84,1926.22,1841.45,48,15,1967,2.043,48,138,81,26,15,15,74,40,51,11,5,375
RP0599,2,335.73,3613.76,8,4,149.29,69.52,194.59,30765.72,199.86,437.55,544.82,1972.39,1644.99,70,18,2084,2.057,46,137,86,30,18,20,75,42,45,13,6,371
RP0600,1,167.2,1799.72,6,4,63.06,26.74,58.27,5866.8,36.68,201.9,151.38,494.96,434.09,47,19,577,1.41,23,44,22,15,11,19,23,26,16,8,4,136
RP0601,3,357.03,3843.04,8,5,193.03,84.91,263.91,53072.36,315.32,409.19,854.22,2896.18,2866.92,68,22,3357,2.593,58,215,132,28,20,21,110,49,74,12,5,552
RP0602,1,281.7,3032.19,5,2,101.39,41.89,91.33,9582.63,68.39,315.16,211.68,777.28,671.34,38,10,941,1.53,32,62,34,22,12,12,31,24,21,12,4,179
RP0603,3,181.81,1956.98,6,5,95.11,44.83,142.18,27313.02,140.68,210.89,412.55,1615.23,1652.15,62,25,1644,2.33,34,125,62,18,19,22,64,30,43,11,4,314
RP0604,3,309.8,3334.66,8,4,180.44,71.46,231.85,49936.56,270.97,344.86,806.94,2890.5,2839.8,66,21,2731,2.581,51,196,114,25,20,20,108,48,73,11,5,513
RP0605,1,209.4,2253.96,5,2,76.03,33.02,76.12,7640.36,51.17,245.13,154.98,544.53,491.36,37,9,645,1.369,26,49,30,18,11,11,24,22,16,9,5,147
RP0606,3,89.89,967.57,5,3,41.84,21.64,72.01,13267.43,71.59,103.33,201.83,750.63,688.47,52,17,851,2.051,21,76,35,12,18,16,31,21,20,6,4,178
RP0607,2,94.55,1017.73,3,1,41.21,18.42,50.67,8212.82,41.98,109.29,156.74,462.96,464.1,28,6,602,1.623,20,55,24,12,10,7,23,16,14,7,3,134
RP0608,2,104.62,1126.12,4,3,50.22,20.62,57.39,9547.18,50.53,109.82,164.52,529.23,476.21,38,17,617,1.614,21,59,24,10,12,17,27,20,16,6,4,147
RP0609,1,314.22,3382.23,6,2,122.49,49.27,96.22,10760.14,77.86,354.22,246.55,971.94,839.36,46,10,934,1.567,34,63,39,23,14,11,37,25,25,11,5,194
RP0610,1,186.45,2006.93,4,2,59.2,29.75,67.2,7001.09,44.19,214.65,147.93,467.95,402.53,33,9,607,1.345,24,48,24,17,9,11,21,20,13,6,3,132
RP0611,2,273.75,2946.62,7,3,120.13,59.25,162.41,23526.23,155.79,337.01,499.81,1664.12,1371.95,54,14,1642,1.936,40,113,70,24,14,13,64,32,36,12,4,306
RP0612,2,111.5,1200.17,5,3,50.88,24.15,60.81,9278.12,50.78,129.36,165.1,607.93,525.09,53,18,786,1.827,22,59,29,12,15,17,27,20,18,6,4,153
RP0613,2,293.58,3160.07,8,3,130.77,58.46,165.45,22749.57,165.34,356.61,494.51,1622.27,1641.61,68,15,1714,1.992,40,111,75,26,17,16,63,37,45,11,5,318
RP0614,2,349.78,3765.0,8,4,147.73,68.05,191.95,29894.9,194.2,375.85,613.0,2014.06,1764.82,73,17,2029,2.08,45,137,85,26,20,17,77,42,44,12,4,369
RP0615,2,298.29,3210.76,6,4,122.71,61.93,166.42,25518.39,149.33,318.74,468.72,1742.49,1462.4,52,18,1934,1.947,41,115,64,22,15,18,68,35,42,12,5,318
RP0616,2,395.79,4260.24,6,3,180.44,72.37,212.06,34045.19,205.19,445.96,590.31,2315.77,2094.13,51,16,2418,2.08,52,150,89,32,15,15,88,38,55,15,4,411
RP0617,1,317.72,3419.91,7,3,114.42,52.61,113.28,11601.07,87.03,370.45,272.92,963.04,959.22,51,15,1057,1.53,34,71,46,25,15,16,39,28,28,10,5,212
RP0618,3,275.55,2965.99,7,4,141.88,66.86,234.56,41851.29,227.53,303.33,633.42,2618.24,2378.16,68,19,2422,2.448,46,177,96,22,17,17,99,41,61,12,4,454
RP0619,2,163.71,1762.16,5,3,68.75,33.11,95.64,12957.55,71.06,196.96,262.56,890.0,833.12,42,15,1013,1.715,26,76,35,16,12,15,39,24,23,8,3,194
RP0620,3,152.88,1645.59,6,3,79.62,35.72,119.62,21209.02,121.41,184.99,336.86,1342.7,1183.89,44,17,1372,2.172,30,105,57,17,14,15,54,24,32,10,3,263
RP0621,1,264.63,2848.45,8,2,89.37,42.36,91.21,8769.78,77.37,318.17,225.73,800.86,764.64,60,10,875,1.548,28,58,42,21,15,11,33,25,22,8,5,178
RP0622,2,95.23,1025.05,4,2,39.08,19.77,55.35,8071.42,42.64,106.12,158.31,514.82,524.34,38,12,585,1.654,20,55,24,13,13,12,23,22,17,7,4,141
RP0623,1,131.16,1411.79,5,2,45.14,22.89,43.63,4675.81,28.95,148.26,117.97,350.39,352.97,39,9,466,1.302,17,36,21,13,11,11,16,21,13,6,5,110
RP0624,1,114.36,1230.96,3,1,39.65,18.0,35.47,3939.59,25.99,128.05,87.48,291.34,239.97,22,6,346,1.267,17,34,19,13,7,8,17,17,11,6,4,102
RP0625,3,84.56,910.2,6,2,45.74,20.86,63.0,12847.76,69.02,87.71,226.06,779.76,790.21,53,13,750,2.188,22,72,35,9,18,12,35,28,25,8,5,188
RP0626,1,84.29,907.29,3,1,30.11,13.78,30.55,3011.02,17.32,97.05,71.04,210.34,184.62,24,6,302,1.213,15,32,14,9,8,7,12,14,9,5,3,87
RP0627,1,245.62,2643.83,4,2,91.47,38.0,76.85,8299.79,58.2,301.28,223.69,712.51,628.58,36,9,798,1.452,26,51,29,19,12,12,30,23,21,9,4,156
RP0628,1,124.69,1342.15,4,2,46.04,19.9,38.97,4599.22,26.24,149.21,91.54,322.8,298.58,34,11,377,1.261,19,35,16,13,10,12,15,16,11,4,4,100
RP0629,2,316.11,3402.58,7,3,132.5,63.14,173.75,28684.95,165.37,367.8,482.8,1824.37,1697.91,61,14,1848,1.913,42,127,72,26,17,15,70,33,46,12,5,342
RP0630,2,142.54,1534.29,5,2,59.12,30.34,86.27,11290.5,68.23,176.63,212.04,697.36,610.04,34,11,918,1.796,23,69,36,14,13,12,30,23,19,9,4,174
RP0631,3,330.24,3554.67,7,4,179.97,81.6,249.99,49167.96,249.47,371.55,863.67,2958.16,2753.86,68,19,3220,2.471,53,198,104,26,19,19,111,47,70,13,5,510
RP0632,3,232.14,2498.73,7,3,122.02,54.27,183.85,29473.99,189.96,263.92,567.54,1898.75,1818.42,65,17,2276,2.299,40,137,82,20,18,16,73,39,49,12,5,363
RP0633,2,237.96,2561.38,8,4,115.34,50.82,127.26,19084.98,130.31,285.66,351.55,1325.29,1090.43,70,20,1423,1.964,38,94,61,21,19,18,52,28,30,9,4,262
RP0634,1,264.49,2846.94,6,2,100.34,41.97,93.86,9057.55,66.65,323.98,208.0,791.67,701.98,40,10,901,1.554,30,60,36,22,12,11,32,23,21,8,4,175
RP0635,1,219.94,2367.41,6,3,75.58,32.67,75.62,8336.27,60.6,229.14,182.29,639.72,583.56,51,14,701,1.406,25,51,35,15,14,15,27,22,17,8,4,152
RP0636,1,118.04,1270.57,3,2,43.72,16.77,42.0,4096.43,21.22,124.7,100.99,300.15,288.32,25,9,398,1.268,16,35,14,11,9,10,16,19,11,8,4,102
RP0637,3,333.57,3590.51,8,5,165.93,77.25,264.24,49455.88,266.43,395.35,859.27,2846.19,2548.79,74,27,3026,2.574,52,206,112,28,20,22,105,48,66,13,5,513
RP0638,1,349.53,3762.31,6,3,121.49,57.25,120.64,11789.47,87.14,411.12,261.81,992.0,859.96,52,14,983,1.618,37,70,44,27,13,15,39,25,25,13,5,209
RP0639,1,123.92,1333.86,5,1,50.37,20.28,44.36,4327.31,29.37,148.17,109.5,347.93,355.42,35,5,390,1.378,18,37,21,11,10,6,18,21,12,8,5,115
RP0640,2,95.48,1027.74,2,2,45.9,18.98,50.67,8091.47,35.93,99.56,146.55,488.31,464.32,31,10,583,1.59,21,49,20,10,9,10,22,15,16,7,3,127
RP0641,3,182.89,1968.61,6,4,94.26,41.85,142.97,27655.86,148.49,216.85,443.13,1521.1,1256.57,64,19,1624,2.396,35,126,67,18,19,18,60,32,34,9,3,306
RP0642,1,353.38,3803.75,6,3,128.31,57.02,133.99,10741.46,90.2,386.73,273.03,986.75,891.91,45,12,1177,1.604,37,74,46,26,13,13,41,26,26,11,4,216
RP0643,1,129.17,1390.37,4,2,43.51,19.69,40.09,4265.01,31.65,157.71,116.59,344.7,298.34,38,10,409,1.288,17,34,20,13,11,10,19,19,12,6,3,106
RP0644,2,287.19,3091.28,6,3,132.16,60.28,178.43,24688.25,154.29,294.55,414.61,1554.97,1288.81,47,16,1863,2.01,43,116,67,24,15,16,60,29,33,10,4,303
RP0645,1,219.44,2362.03,8,2,80.15,36.15,73.84,8255.04,62.18,260.14,197.23,648.97,594.51,57,10,746,1.514,24,54,36,18,15,11,29,29,20,10,5,167
RP0646,3,252.42,2717.02,6,4,137.69,60.63,206.44,35367.98,191.86,287.28,617.35,2211.22,1969.63,55,18,2330,2.413,45,160,82,22,17,18,86,43,52,12,5,408
RP0647,3,323.91,3486.53,8,2,161.41,76.8,248.94,45375.53,272.06,345.97,750.82,2900.67,2955.98,57,12,2872,2.551,50,189,115,25,17,11,109,45,73,11,5,505
RP0648,3,113.0,1216.32,3,3,55.72,29.26,89.48,16924.59,70.06,127.42,302.41,941.25,870.86,49,18,976,2.148,24,87,33,14,16,16,40,26,27,7,4,209
RP0649,3,388.7,4183.93,8,4,212.47,93.54,309.63,53077.42,337.53,452.93,962.09,3349.73,3171.84,76,21,3408,2.526,63,218,138,31,21,20,124,56,81,15,5,587
RP0650,1,234.93,2528.76,7,2,76.01,33.79,75.41,8169.5,57.98,290.09,213.3,640.52,630.46,50,9,749,1.443,26,54,32,21,13,9,27,22,20,11,4,157
RP0651,1,134.16,1444.08,5,1,48.13,20.64,45.65,4498.4,31.15,136.39,99.47,385.88,397.32,36,5,484,1.414,17,42,22,11,8,8,19,17,13,6,4,114
RP0652,2,143.47,1544.3,5,3,63.47,27.1,82.37,11520.66,67.64,174.29,223.09,812.19,811.66,50,16,752,1.794,23,66,36,16,15,14,36,23,26,8,4,183
RP0653,2,236.82,2549.11,7,4,103.91,48.77,143.69,21106.43,126.08,290.29,350.61,1380.7,1146.84,52,19,1449,2.043,36,108,60,20,15,19,56,30,29,9,4,276
RP0654,3,222.86,2398.84,3,3,112.23,50.82,171.52,33434.8,140.35,260.48,571.71,1634.26,1392.41,42,16,1920,2.274,41,146,60,21,15,15,63,36,39,9,4,339
RP0655,3,312.56,3364.36,7,4,171.76,76.02,252.1,46218.26,231.13,339.07,687.71,2875.54,2613.91,64,20,2733,2.463,54,192,99,25,17,19,109,44,66,11,5,495
RP0656,1,100.37,1080.37,4,2,34.89,14.3,32.14,3056.78,24.71,110.89,88.89,273.02,279.01,33,10,329,1.214,15,27,20,11,11,10,13,17,9,6,4,90
RP0657,2,270.55,2912.17,6,2,123.12,54.05,147.14,25599.68,125.7,300.47,459.02,1615.35,1418.28,48,11,1790,1.966,39,114,58,19,14,12,63,31,38,12,5,302
RP0658,2,215.9,2323.93,5,1,97.93,43.51,117.06,19185.82,102.03,252.94,324.84,1119.25,986.94,38,7,1207,1.893,33,94,46,20,13,8,46,27,28,10,4,239
RP0659,3,351.55,3784.05,8,5,171.1,89.0,274.52,45191.17,308.86,445.29,907.71,3117.49,2999.58,85,26,3760,2.557,56,196,128,29,22,23,116,47,76,12,5,535
RP0660,1,345.13,3714.94,6,2,130.75,55.64,126.41,12139.9,83.73,412.63,312.94,1044.59,966.87,47,9,1040,1.537,37,70,44,27,13,12,40,30,30,11,6,217
RP0661,2,143.99,1549.89,6,3,62.92,27.38,78.96,12091.96,79.93,190.48,257.07,765.39,775.68,57,15,921,1.726,22,66,43,15,16,15,33,27,24,8,5,183
RP0662,1,182.83,1967.96,3,2,63.35,29.52,64.22,6417.12,40.63,227.18,162.11,487.21,453.46,28,9,577,1.358,21,44,23,15,11,11,24,21,15,7,2,129
RP0663,1,150.39,1618.78,3,2,55.36,25.61,48.63,4838.0,35.38,174.01,126.96,362.93,340.07,26,10,470,1.144,21,38,22,15,8,12,17,20,14,6,4,115
RP0664,3,187.86,2022.11,6,4,92.49,47.43,149.68,25206.05,149.31,204.39,487.18,1666.98,1391.98,52,21,1656,2.339,36,125,68,18,17,19,65,34,37,9,4,316
RP0665,2,322.42,3470.5,6,3,135.99,67.0,191.57,25790.23,164.76,378.39,547.07,1876.03,1844.98,52,14,2048,2.02,44,123,74,25,15,14,70,36,49,10,4,344
RP0666,3,158.37,1704.68,8,4,83.5,39.16,130.78,21096.38,141.44,179.18,344.13,1200.19,1101.02,72,22,1496,2.365,34,110,65,18,19,19,49,30,31,10,5,275
RP0667,1,166.27,1789.71,2,1,56.83,26.29,60.17,5793.45,31.23,217.39,131.75,429.77,428.03,19,6,495,1.251,20,42,17,17,9,7,20,17,17,8,4,118
RP0668,3,81.22,874.24,4,4,38.85,18.68,63.96,12539.21,48.57,108.02,191.26,662.37,680.45,40,20,768,2.141,22,74,26,11,14,19,31,21,21,8,4,173
RP0669,2,235.69,2536.94,6,3,97.39,46.38,119.03,20504.01,127.67,298.55,427.36,1380.68,1296.3,53,14,1465,1.893,33,94,57,22,16,14,57,28,35,11,4,264
RP0670,3,387.48,4170.8,8,4,217.0,89.03,303.06,51671.56,350.13,482.86,896.57,3153.1,2734.06,70,19,3889,2.643,61,216,145,31,19,20,117,52,71,15,4,567
RP0671,1,355.67,3828.4,8,3,138.08,56.55,126.15,13784.36,90.72,392.62,309.91,1064.23,1043.33,58,15,1157,1.674,38,76,46,25,16,15,44,32,30,13,5,229
RP0672,2,319.93,3443.69,7,3,146.36,59.97,187.27,26212.36,186.15,366.43,545.27,1678.1,1562.26,47,15,1935,2.084,42,127,81,25,15,14,64,36,40,13,4,335
RP0673,3,300.85,3238.32,7,3,163.13,68.64,217.2,48163.28,227.77,324.06,719.58,2814.26,2827.12,59,16,2621,2.432,49,193,98,23,18,14,107,45,74,13,5,498
RP0674,3,338.71,3645.84,7,3,190.6,77.81,248.17,50497.01,279.81,397.74,918.95,3134.42,2681.25,61,19,3213,2.501,58,203,116,27,18,18,117,53,69,13,4,534
RP0675,2,320.21,3446.71,6,3,137.29,64.06,171.22,26110.68,154.18,370.45,529.76,1731.31,1440.61,51,16,1960,2.092,43,123,69,26,15,14,68,33,40,13,4,328
RP0676,2,306.09,3294.72,4,4,138.68,62.53,182.43,25204.48,121.61,329.15,499.61,1638.23,1665.29,44,19,1794,2.017,43,121,52,23,14,19,63,30,45,12,4,315
RP0677,3,151.88,1634.82,6,4,79.11,36.37,120.86,21526.72,110.38,166.4,409.17,1414.51,1415.21,59,23,1607,2.217,30,110,54,13,19,20,56,30,37,9,4,277
RP0678,1,86.21,927.96,5,2,32.04,12.82,27.15,2939.45,21.67,100.45,64.26,227.74,208.75,35,10,307,1.248,13,32,19,11,11,11,16,14,10,6,4,92
RP0679,1,252.67,2719.71,6,2,96.81,41.47,89.45,9819.52,59.97,253.36,197.11,745.38,702.57,48,9,822,1.455,32,58,33,19,13,11,32,23,23,9,4,175
RP0680,2,156.39,1683.37,4,3,79.21,34.89,90.69,13546.51,71.34,190.69,256.78,771.63,756.22,39,15,938,1.747,29,76,37,16,12,15,31,26,23,10,4,192
RP0681,3,130.65,1406.3,6,4,65.38,29.03,100.99,17727.58,90.61,151.82,337.51,1163.53,1008.76,61,21,1124,2.36,26,93,45,13,19,20,49,30,30,8,5,238
RP0682,2,382.54,4117.62,7,4,174.79,78.54,228.96,28936.35,212.78,417.52,688.09,2341.8,2025.85,58,17,2478,2.046,50,140,95,28,17,16,87,43,53,14,5,402
RP0683,3,170.73,1837.72,6,3,91.66,39.21,129.98,27313.66,139.54,193.77,455.33,1444.63,1302.76,61,15,1561,2.238,34,124,64,17,19,15,58,36,38,9,5,307
RP0684,3,115.25,1240.54,7,3,64.67,25.53,80.78,16770.68,91.84,135.38,293.08,981.97,958.05,63,18,1007,2.176,26,90,44,13,17,16,42,28,26,7,4,222
RP0685,3,194.75,2096.27,7,3,105.56,46.76,150.73,27513.27,156.02,223.23,439.12,1745.95,1648.93,65,16,2061,2.372,36,133,70,18,18,18,69,33,44,10,5,337
RP0686,3,368.3,3964.34,8,3,190.68,86.19,300.35,49392.8,261.65,411.54,869.73,3021.1,2793.23,69,17,3427,2.674,60,208,109,29,20,17,111,51,73,14,5,535
RP0687,2,370.86,3991.9,7,2,160.82,72.35,198.05,28723.12,218.85,435.89,543.49,2304.92,2257.12,52,11,1962,2.129,47,133,94,31,15,12,89,36,57,11,5,396
RP0688,1,157.67,1697.14,5,3,59.61,23.84,52.35,5972.14,37.28,193.27,130.28,425.99,431.09,41,12,491,1.312,20,41,24,16,12,12,20,21,16,8,5,124
RP0689,1,253.78,2731.66,6,2,96.33,39.54,86.84,8725.45,56.25,283.58,216.17,663.06,674.94,42,10,761,1.446,30,56,32,19,12,13,28,27,20,9,5,169
RP0690,2,252.65,2719.5,7,3,117.94,47.39,133.05,21514.82,145.94,305.87,430.1,1518.75,1386.54,54,16,1724,2.019,37,103,65,21,15,16,59,34,37,10,6,290
RP0691,3,182.8,1967.64,6,3,97.66,38.5,134.98,26865.7,134.49,215.36,486.25,1480.17,1240.49,58,15,1711,2.295,32,123,61,17,17,14,60,30,34,8,3,296
RP0692,2,278.16,2994.09,6,3,109.38,55.16,149.47,24114.32,137.94,322.13,440.1,1473.34,1258.06,51,15,1509,1.912,36,110,64,25,15,14,58,29,33,10,4,286
RP0693,3,268.22,2887.09,6,4,140.52,57.19,211.6,37806.61,216.45,293.98,711.39,2524.81,2562.26,62,23,2675,2.4,43,165,91,22,18,19,96,44,65,11,5,439
RP0694,1,299.2,3220.56,6,3,104.13,47.73,99.82,10778.6,75.67,353.42,217.8,804.13,683.08,40,15,1017,1.55,31,66,40,24,11,14,32,21,19,12,3,182
RP0695,1,366.99,3950.24,7,3,142.17,61.5,124.71,12912.12,95.18,448.93,287.94,959.49,922.66,55,15,1256,1.669,43,77,48,28,14,15,38,26,27,11,5,225
RP0696,2,97.45,1048.94,3,2,44.13,19.43,52.26,7264.35,43.19,107.82,173.1,498.77,428.6,31,10,623,1.65,19,52,23,10,10,9,25,18,14,7,3,134
RP0697,2,288.74,3107.97,6,4,128.33,61.69,175.9,22245.15,143.58,358.39,475.53,1626.22,1369.36,57,17,1605,1.941,40,114,65,25,17,18,63,34,37,12,4,306
RP0698,2,313.98,3379.65,8,3,141.64,61.73,179.52,25805.59,189.17,391.34,552.12,1750.92,1659.38,67,15,1874,2.086,41,123,85,27,19,16,67,40,46,11,5,343
RP0699,1,199.23,2144.49,5,2,73.21,31.81,60.91,7668.65,46.76,251.75,152.67,555.36,565.26,34,9,608,1.445,23,48,27,19,9,8,25,20,18,6,5,141
RP0700,3,248.63,2676.23,7,4,121.65,58.32,185.37,35953.21,199.82,255.77,649.04,2247.76,2048.45,63,21,2352,2.399,42,154,85,20,18,18,86,42,53,10,4,401
RP0701,2,354.7,3817.96,7,3,152.44,68.47,210.27,27562.45,169.99,419.86,533.78,2122.12,2023.27,56,14,2079,1.984,45,133,73,28,16,14,81,34,52,14,4,367
RP0702,2,190.88,2054.61,5,3,85.15,37.37,106.6,17506.62,97.39,197.57,309.73,1061.27,1016.35,43,14,1219,1.891,30,87,45,17,13,14,42,26,30,7,4,227
RP0703,3,326.31,3512.37,8,4,165.16,76.08,268.94,48039.66,268.14,367.32,865.7,3039.01,2696.83,57,21,2917,2.503,53,195,115,27,17,19,114,50,69,11,6,518
RP0704,1,275.13,2961.47,6,2,103.45,39.43,87.39,9366.76,68.66,311.23,211.44,752.08,677.33,46,11,904,1.483,31,59,36,21,12,10,32,26,21,11,5,179
RP0705,1,85.77,923.22,4,1,30.77,13.2,28.22,2718.86,19.68,108.05,74.76,222.46,214.61,27,5,303,1.13,16,26,15,10,9,7,13,15,8,6,3,84
RP0706,3,303.51,3266.95,6,3,166.76,72.63,237.97,44555.87,200.14,333.97,794.35,2546.54,2124.65,54,16,2736,2.468,50,185,86,25,18,15,97,43,55,10,4,453
RP0707,3,239.47,2577.63,7,4,115.59,59.69,189.09,36450.44,188.23,306.78,554.18,2120.27,1837.28,63,19,2328,2.422,43,158,79,22,18,18,83,34,50,10,4,393
RP0708,2,179.77,1935.03,6,3,81.48,34.1,94.88,15014.72,86.15,191.93,297.09,972.72,912.97,48,16,1074,1.893,28,79,43,15,14,15,38,25,26,9,4,208
RP0709,1,157.69,1697.36,3,1,57.71,24.49,50.21,4989.8,32.36,186.74,143.79,391.1,395.4,24,5,539,1.256,22,42,18,14,8,7,20,16,13,7,3,117
RP0710,2,274.11,2950.49,7,3,122.56,56.78,160.36,23057.82,144.3,307.16,484.64,1638.71,1636.22,60,15,1783,2.018,40,111,66,23,15,16,66,36,45,11,5,316
RP0711,2,302.56,3256.73,6,2,138.37,57.89,164.93,25252.37,143.23,327.86,487.17,1754.12,1642.78,50,11,1847,1.936,41,120,65,24,14,12,70,32,44,10,4,326
RP0712,3,310.63,3343.59,7,4,165.31,77.58,251.69,45281.82,258.32,331.64,834.15,2471.98,2320.9,70,20,2821,2.475,52,190,108,24,19,19,94,44,60,12,5,475
RP0713,1,332.02,3573.83,6,3,127.3,57.03,118.5,12483.85,91.82,354.14,302.74,989.47,963.38,39,12,1105,1.474,36,68,45,24,10,13,40,29,28,12,6,213
RP0714,2,130.47,1404.37,3,2,57.22,26.89,82.03,9832.99,54.65,153.94,239.15,697.15,585.19,36,11,770,1.603,26,61,29,11,11,12,30,21,18,5,4,162
RP0715,1,319.13,3435.08,6,3,115.69,51.16,104.77,11205.91,83.97,384.22,288.76,931.87,874.75,43,13,1099,1.581,33,69,43,26,12,14,37,27,24,9,5,201
RP0716,1,281.75,3032.73,6,2,99.56,45.29,95.06,9416.19,73.04,342.07,218.94,790.55,796.25,48,9,936,1.411,30,57,39,23,12,12,31,27,23,10,5,177
RP0717,1,200.58,2159.02,6,2,73.24,31.69,61.63,6575.75,48.31,252.03,160.22,581.01,490.19,41,10,620,1.421,24,46,28,19,12,11,27,23,18,8,4,143
RP0718,2,299.61,3224.97,7,4,131.2,61.14,169.85,24908.22,161.6,366.37,506.66,1672.6,1528.38,53,21,1991,2.073,42,115,71,26,15,19,65,36,40,12,5,319
RP0719,2,262.96,2830.48,6,4,124.89,47.67,145.6,21561.35,125.7,332.24,429.05,1541.6,1327.99,50,18,1562,1.854,37,106,58,22,15,17,59,30,37,11,5,286
RP0720,2,352.33,3792.44,8,2,155.34,71.39,182.08,27717.79,190.22,374.45,632.2,2132.78,2094.96,60,10,2325,2.064,49,129,85,24,16,11,83,39,55,13,5,382
RP0721,3,226.88,2442.11,7,3,127.05,52.77,158.92,34227.76,184.2,276.47,517.93,1894.01,1694.76,65,14,2130,2.38,42,146,82,19,20,15,75,35,44,12,4,368
RP0722,1,325.47,3503.33,7,3,118.74,49.33,111.73,11885.31,76.57,348.73,249.35,917.09,833.24,53,13,1027,1.607,35,73,38,21,13,13,37,26,25,10,5,205
RP0723,2,151.0,1625.35,5,3,65.06,30.93,87.85,13361.08,65.03,156.37,275.09,860.68,779.44,42,16,997,1.769,27,75,34,15,13,15,35,24,23,8,4,191
RP0724,2,375.55,4042.38,8,4,167.67,70.46,196.28,31431.0,213.65,427.6,675.88,2415.55,2220.23,63,18,2345,2.087,49,140,93,28,16,20,90,41,56,13,5,405
RP0725,1,99.84,1074.67,4,2,34.34,16.05,34.84,3456.88,23.16,113.05,76.13,259.66,258.23,33,9,334,1.137,14,33,18,9,10,11,13,18,12,6,4,95
RP0726,2,149.36,1607.7,6,4,64.95,28.24,85.44,12450.74,77.44,176.44,267.2,890.42,879.88,49,16,908,1.788,25,70,39,16,15,16,39,27,25,8,5,194
RP0727,1,220.38,2372.15,6,3,86.68,38.91,85.38,7870.96,54.84,262.52,159.75,625.03,542.41,44,14,734,1.384,28,55,33,18,12,14,28,25,20,6,5,163
RP0728,1,301.22,3242.3,6,1,103.82,52.24,108.46,10039.51,66.56,371.06,271.31,878.18,748.28,44,6,880,1.444,36,65,34,23,12,6,35,26,22,12,5,193
RP0729,2,391.24,4211.27,8,4,180.93,74.97,216.05,30572.98,216.1,487.75,635.5,2294.12,2111.47,63,19,2392,2.15,53,142,93,31,15,19,87,42,56,13,5,409
RP0730,1,375.3,4039.69,7,2,128.12,59.66,133.09,13298.36,97.67,472.56,284.93,1106.33,915.79,48,10,1098,1.617,39,77,47,31,12,9,43,26,27,11,5,226
RP0731,3,139.61,1502.75,5,4,63.83,33.98,97.35,19847.25,107.12,154.07,349.12,1122.21,1068.34,50,19,1295,2.192,27,96,49,14,15,18,47,28,29,9,4,240
RP0732,3,390.88,4207.39,8,3,198.73,93.47,301.66,52356.51,350.94,416.25,848.84,3676.97,3309.14,75,20,3496,2.583,59,213,146,28,21,19,135,45,85,14,4,592
RP0733,1,282.54,3041.23,7,3,111.41,48.36,100.87,11536.07,73.48,302.88,257.49,811.98,697.36,61,14,900,1.56,34,64,40,22,15,16,35,27,22,9,5,192
RP0734,2,183.86,1979.05,5,3,83.7,38.65,104.8,12944.83,86.91,215.7,298.28,888.14,900.61,48,14,1238,1.774,30,78,43,17,15,16,35,28,27,8,5,209
RP0735,2,118.02,1270.36,6,4,49.42,22.75,69.55,9338.38,56.13,155.69,209.25,661.5,600.62,48,20,723,1.682,20,61,30,15,15,18,30,24,18,8,3,158
RP0736,2,348.61,3752.4,7,3,148.5,73.05,201.32,29956.15,181.3,443.25,603.95,1978.22,1754.29,53,16,2188,2.12,45,138,81,30,17,14,76,38,48,13,5,370
RP0737,3,371.99,4004.06,8,4,209.07,94.97,273.71,54808.39,309.16,426.83,998.28,3485.54,3033.98,65,21,3421,2.53,63,219,130,30,18,18,130,54,77,12,5,585
RP0738,3,295.98,3185.9,8,3,160.25,72.82,224.74,43360.09,236.01,376.7,807.37,2499.83,2525.72,64,16,2568,2.426,50,179,104,27,17,14,95,45,66,12,4,467
RP0739,3,292.4,3147.36,8,3,139.86,70.2,232.32,46751.99,245.67,338.95,773.87,2724.27,2325.02,67,16,2801,2.495,46,189,105,24,18,16,102,44,60,12,4,474
RP0740,1,158.19,1702.74,4,2,55.07,24.32,54.43,5463.02,37.7,185.5,143.14,425.29,384.73,26,9,500,1.257,20,41,23,14,10,12,19,19,13,7,4,120
RP0741,3,379.24,4082.1,8,5,199.88,86.51,284.92,50759.74,285.19,433.8,843.12,3387.65,3469.2,71,24,3470,2.552,57,210,121,31,20,23,125,51,90,12,5,572
RP0742,1,394.18,4242.91,7,2,142.9,66.49,143.79,13805.78,110.88,442.58,299.54,1246.78,1099.22,38,11,1250,1.662,42,81,52,28,11,11,48,30,31,13,5,246
RP0743,2,332.29,3576.74,8,4,155.28,64.93,162.89,25853.94,190.43,390.49,561.56,2123.79,2127.91,64,18,2170,2.038,44,118,84,27,17,19,79,39,55,10,6,362
RP0744,2,102.3,1101.15,3,3,47.85,21.36,55.52,8735.55,45.51,116.46,183.0,513.29,493.3,38,16,642,1.692,20,53,24,11,13,16,25,21,17,6,4,139
RP0745,1,169.99,1829.76,4,2,58.48,28.51,55.13,6059.08,38.55,184.85,154.79,470.89,438.72,32,9,551,1.362,22,41,23,14,9,9,21,21,15,7,4,126
RP0746,2,208.14,2240.4,6,3,92.17,37.97,116.15,16326.95,112.31,268.7,362.03,1107.39,946.78,53,15,1239,1.916,30,86,52,18,15,15,46,28,27,10,5,233
RP0747,2,217.93,2345.78,6,4,90.07,44.98,119.94,18185.37,112.28,257.58,333.34,1199.65,1199.04,49,18,1245,1.978,32,96,52,20,15,18,48,23,32,10,4,249
RP0748,3,357.78,3851.11,8,4,192.08,85.5,277.57,51487.13,304.14,404.71,879.08,3232.85,2972.94,68,23,3275,2.561,58,210,125,29,21,21,121,52,78,13,5,559
RP0749,2,396.22,4264.87,8,4,157.82,73.39,222.34,31791.14,230.45,469.63,690.33,2426.32,2402.19,54,19,2620,2.172,48,147,100,32,15,17,91,43,63,12,5,424
RP0750,2,135.53,1458.83,5,3,55.8,28.78,81.53,11230.72,64.93,162.88,238.81,729.46,704.42,44,15,861,1.647,23,64,33,14,15,14,32,26,21,8,5,172
RP0751,1,326.39,3513.23,6,3,104.58,51.29,103.53,11500.58,77.73,374.18,275.16,900.94,819.95,50,13,1125,1.5,33,66,38,25,15,14,38,26,23,10,4,194
RP0752,2,383.22,4124.94,8,3,160.63,78.01,202.6,30000.04,222.96,435.64,650.57,2272.28,1954.57,62,14,2335,2.096,50,137,96,29,17,14,87,41,52,11,5,398
RP0753,1,218.89,2356.11,8,3,82.84,36.74,75.38,8399.56,63.48,239.07,158.15,656.19,538.61,58,15,784,1.436,26,55,35,18,15,13,30,24,18,8,4,162
RP0754,1,208.92,2248.79,4,1,68.52,33.64,70.79,6223.97,46.14,240.22,178.66,569.88,566.15,29,6,647,1.316,26,45,26,17,9,8,22,20,19,9,4,137
RP0755,2,211.06,2271.83,5,3,90.37,44.48,116.88,18995.38,109.34,247.54,344.61,1169.64,1087.2,45,14,1260,1.908,33,95,51,18,13,12,47,26,30,9,4,246
RP0756,1,140.55,1512.87,4,3,51.26,22.0,52.21,4972.29,36.14,182.86,112.11,390.97,367.77,35,12,441,1.296,19,42,23,13,9,14,20,19,16,7,3,120
RP0757,2,137.78,1483.05,5,4,61.05,27.57,76.62,11307.83,64.7,155.36,240.51,769.25,713.46,52,17,913,1.671,22,66,33,13,14,17,34,24,22,7,5,175
RP0758,3,238.37,2565.79,5,4,119.79,60.64,181.31,36450.54,189.59,264.07,587.74,2126.66,2046.78,62,21,2124,2.292,42,151,80,20,18,21,81,36,54,11,5,390
RP0759,3,230.33,2479.25,8,4,113.33,57.96,179.76,30916.9,197.5,256.62,526.2,1895.0,1924.72,68,20,2156,2.376,40,141,87,19,19,18,72,41,53,12,5,373
RP0760,1,224.07,2411.87,5,3,78.91,37.17,73.09,8041.67,54.99,267.61,204.42,629.01,635.24,41,14,689,1.423,26,50,31,20,12,16,27,22,20,7,3,151
RP0761,1,186.4,2006.39,4,2,70.67,29.91,60.93,6904.34,44.36,227.54,148.05,479.24,465.31,32,9,617,1.339,23,45,26,15,11,9,22,15,14,9,4,128
RP0762,2,195.79,2107.46,4,2,89.84,37.59,104.95,15329.97,98.16,214.8,331.42,1103.32,982.92,40,10,1085,1.854,30,85,46,17,12,10,46,27,29,9,4,228
RP0763,1,123.72,1331.71,4,1,45.72,19.2,43.91,4393.55,28.65,141.41,104.99,327.22,293.44,28,6,410,1.26,19,36,20,12,9,9,17,15,12,6,3,104
RP0764,2,89.91,967.78,5,2,40.97,17.64,54.58,7214.74,39.51,98.85,159.83,497.02,465.52,39,10,534,1.727,19,52,23,11,13,12,23,21,15,7,4,136
RP0765,1,209.56,2255.68,5,2,74.96,32.56,70.95,6930.97,52.01,257.2,183.56,622.44,628.93,38,9,676,1.432,23,48,29,18,11,10,27,26,19,10,5,151
RP0766,1,90.98,979.3,4,1,31.72,15.28,29.47,3020.8,20.95,103.07,80.5,223.51,190.8,33,5,294,1.17,15,30,18,11,10,5,12,14,8,6,4,88
RP0767,1,339.31,3652.3,7,3,116.53,57.71,117.94,12953.62,84.77,364.09,261.07,940.4,913.53,50,14,1028,1.598,33,77,43,22,14,15,37,26,27,12,5,212
RP0768,3,266.18,2865.13,8,4,136.53,65.56,209.92,40617.9,231.81,298.33,600.98,2654.51,2650.3,72,23,2646,2.391,47,168,100,22,20,20,101,38,67,11,4,455
RP0769,3,206.34,2221.02,6,4,108.85,48.35,151.7,30867.92,154.89,248.96,464.17,1775.45,1464.78,54,20,1794,2.362,35,138,68,20,17,19,66,36,42,11,4,335
RP0770,1,312.59,3364.69,5,1,115.59,50.22,103.45,11814.28,74.84,388.32,257.69,907.55,881.52,42,5,1017,1.509,34,68,34,26,12,7,36,23,25,11,4,194
RP0771,2,355.69,3828.61,8,4,151.75,70.63,195.86,30896.49,197.6,396.62,563.5,2107.39,1728.14,73,21,2213,2.048,47,137,86,27,20,19,80,33,46,14,4,373
RP0772,3,303.45,3266.31,8,4,155.07,79.61,235.32,51810.96,269.98,317.28,695.3,2804.14,2438.13,61,21,2723,2.485,53,201,113,23,18,18,105,41,63,13,5,503
RP0773,2,176.15,1896.06,5,3,63.68,36.81,97.92,14553.17,86.26,197.05,274.6,986.46,845.21,49,14,1071,1.773,27,78,43,16,14,15,41,23,22,10,4,204
RP0774,3,374.59,4032.05,8,3,183.75,92.23,313.62,56062.41,290.58,433.23,890.85,3713.18,3725.31,78,17,3532,2.554,59,227,120,29,20,17,136,51,95,15,5,606
RP0775,3,140.91,1516.74,7,4,81.02,32.63,111.95,20810.17,111.2,149.67,308.05,1212.55,1055.45,58,19,1335,2.251,29,105,53,14,17,20,48,33,32,8,6,261
RP0776,2,130.3,1402.54,5,2,54.9,25.99,75.37,11633.56,59.46,146.12,212.5,689.85,649.06,42,11,805,1.756,23,64,31,13,12,10,30,23,20,7,4,166
RP0777,2,169.09,1820.07,6,2,73.9,34.71,101.25,13560.03,90.05,201.98,303.84,959.26,980.14,50,12,1094,1.779,28,76,46,16,14,11,40,25,28,8,4,210
RP0778,2,375.27,4039.37,8,4,170.62,77.0,219.3,34337.35,222.53,444.64,621.03,2222.34,2228.6,56,19,2337,2.049,51,150,96,29,16,19,82,42,58,13,5,414
RP0779,3,86.47,930.75,5,4,43.25,20.69,66.74,14282.7,60.82,95.36,205.36,684.44,665.58,52,24,768,2.172,21,81,32,11,17,21,31,22,22,6,4,185
RP0780,3,296.23,3188.59,7,3,158.87,68.32,204.63,44556.89,222.33,357.93,763.63,2592.84,2174.86,57,16,2695,2.395,48,176,94,26,17,16,98,46,57,10,4,451
RP0781,3,333.06,3585.02,7,3,166.93,77.68,253.5,45474.33,279.33,352.29,794.68,2680.06,2457.9,69,16,2906,2.451,52,191,118,26,20,16,100,45,64,12,5,493
RP0782,1,225.99,2432.53,6,3,87.87,33.32,73.43,8203.2,58.17,265.17,165.41,655.89,581.8,47,12,700,1.473,26,52,33,19,12,14,30,24,19,8,4,158
RP0783,2,118.19,1272.19,5,3,48.64,26.21,74.82,10226.5,61.07,140.82,191.21,605.99,576.2,40,15,778,1.754,22,63,32,13,13,15,26,23,18,7,3,159
RP0784,1,354.34,3814.08,8,3,117.21,61.08,130.49,12341.58,100.54,383.46,323.99,1085.08,959.24,52,14,1206,1.659,38,72,50,25,14,16,44,32,30,12,5,228
RP0785,3,95.3,1025.8,3,3,52.24,22.82,74.76,13973.49,66.89,109.43,238.18,774.69,732.41,34,17,855,2.162,24,78,34,13,13,15,33,20,20,8,4,185
RP0786,3,173.41,1866.57,6,4,85.25,41.13,143.38,27954.84,130.32,218.2,451.61,1490.48,1496.97,64,23,1639,2.235,32,126,60,18,19,21,61,31,40,8,5,308
RP0787,3,165.11,1777.23,6,4,90.47,42.82,133.58,26825.76,132.74,166.94,381.82,1511.02,1294.44,58,21,1504,2.32,32,123,59,13,19,20,62,31,36,9,4,300
RP0788,1,291.48,3137.46,5,1,113.06,43.76,90.37,10563.75,68.21,357.86,219.28,776.23,670.44,37,6,901,1.483,32,58,36,25,9,8,34,20,20,10,4,175
RP0789,2,316.21,3403.65,7,4,139.04,64.87,173.25,29371.65,162.22,344.05,562.73,1766.9,1733.14,61,17,1980,1.996,44,129,72,24,17,18,67,36,45,12,4,342
RP0790,2,271.32,2920.46,6,3,111.98,53.03,155.72,23799.32,139.17,314.86,423.43,1492.91,1258.6,56,17,1676,1.846,37,113,62,23,16,17,57,28,34,10,4,289
RP0791,3,258.39,2781.28,6,3,137.56,64.0,211.21,37592.42,220.06,307.29,600.6,2157.2,2185.96,51,16,2339,2.27,46,163,93,23,15,15,83,41,59,12,5,421
RP0792,3,291.19,3134.34,7,5,153.06,66.88,223.1,44644.79,230.83,325.91,724.6,2626.97,2240.92,68,22,2777,2.46,47,185,99,25,19,22,97,41,58,12,5,460
RP0793,2,89.53,963.69,3,2,41.19,16.65,51.75,7080.83,38.4,110.77,151.54,479.49,430.71,33,11,609,1.668,19,53,20,12,11,11,23,19,14,7,4,133
RP0794,2,114.95,1237.31,5,3,52.26,22.98,57.65,9953.43,52.16,126.19,187.16,690.46,670.13,40,15,672,1.748,21,61,27,11,12,15,31,22,21,9,4,161
RP0795,2,357.39,3846.91,8,3,160.25,64.42,194.02,28992.28,213.66,384.17,565.82,2237.57,1906.77,61,16,2275,2.003,47,133,93,26,16,15,85,38,49,13,5,383
RP0796,2,153.75,1654.95,5,3,63.32,31.49,91.33,14629.88,80.18,177.16,238.38,796.91,697.67,52,16,969,1.729,26,74,37,15,15,14,34,25,21,8,4,188
RP0797,1,235.54,2535.33,4,2,92.26,38.88,76.77,8137.88,57.35,283.55,179.27,667.13,550.66,35,9,744,1.514,30,52,31,20,10,9,28,22,16,9,4,158
RP0798,2,269.69,2902.92,8,3,117.62,58.99,151.08,20298.45,136.35,296.94,400.61,1618.37,1373.63,63,14,1547,2.01,41,102,64,21,16,14,66,33,37,10,4,297
RP0799,3,377.07,4058.74,8,5,206.7,86.38,287.05,56107.42,298.63,427.39,883.03,3356.77,3340.92,70,24,3234,2.646,57,222,125,31,19,24,125,50,84,16,5,580
RP0800,2,191.96,2066.24,8,3,92.98,39.57,113.97,16177.2,110.63,228.86,315.52,1125.15,929.91,64,16,1355,1.948,32,86,54,19,16,17,45,31,27,9,4,235
RP0801,1,118.24,1272.72,2,2,40.86,19.87,42.79,4115.68,26.05,135.06,101.78,278.81,261.35,22,9,417,1.291,17,33,16,11,8,10,13,10,10,4,3,89
RP0802,2,254.85,2743.18,6,2,106.56,51.44,135.79,21273.18,125.77,328.92,420.0,1478.83,1497.91,49,11,1604,1.926,35,102,57,23,15,11,59,35,40,11,5,284
RP0803,3,342.68,3688.57,8,4,193.7,85.41,269.81,47422.15,275.34,384.65,931.84,3345.35,2943.96,74,21,3272,2.632,58,199,116,26,19,20,124,51,75,13,5,543
RP0804,1,394.17,4242.81,8,4,148.57,61.86,129.08,15571.94,103.78,433.3,360.1,1122.51,992.05,59,15,1146,1.753,41,81,52,28,16,16,44,32,29,13,5,240
RP0805,2,202.35,2178.08,6,4,87.09,39.58,114.61,14833.55,101.16,243.2,314.31,1266.09,1056.06,44,17,1194,1.853,30,82,50,17,13,17,51,26,27,9,4,231
RP0806,2,373.96,4025.27,8,3,177.89,79.09,216.66,35456.24,198.65,435.12,581.67,1960.62,1834.42,63,15,2284,2.082,52,154,86,30,16,14,76,36,47,12,4,393
RP0807,2,212.3,2285.18,6,3,89.34,39.18,119.87,18695.69,106.74,265.25,328.84,1285.35,1174.65,49,15,1217,1.909,32,94,52,20,14,15,52,27,31,7,5,252
RP0808,1,317.28,3415.17,5,2,127.38,56.5,116.02,11703.13,80.12,379.4,243.51,865.04,786.27,38,10,919,1.578,35,71,41,25,11,12,36,24,24,10,4,201
RP0809,1,254.96,2744.36,5,3,93.82,41.98,87.63,9283.13,62.4,310.31,187.64,762.16,629.4,38,14,821,1.397,29,56,32,24,11,14,31,20,18,8,4,163
RP0810,1,161.57,1739.12,4,1,56.53,25.06,54.89,6410.3,39.78,184.41,147.17,436.29,375.17,31,5,530,1.343,18,44,24,15,10,6,21,17,13,7,4,121
RP0811,3,211.2,2273.34,8,4,111.62,49.79,155.16,31496.06,146.93,251.55,555.91,1885.71,1725.36,77,20,1962,2.339,38,137,67,20,22,19,73,42,47,10,5,352
RP0812,3,105.67,1137.42,5,3,59.91,23.98,81.77,15115.14,80.11,134.41,230.75,938.79,859.66,52,17,987,2.18,26,82,39,13,15,17,41,23,26,6,4,208
RP0813,1,203.39,2189.27,5,2,72.74,34.76,69.31,8081.95,46.95,252.57,162.51,597.98,526.79,37,10,632,1.334,26,52,27,18,11,12,26,20,16,10,4,149
RP0814,2,206.77,2225.65,7,3,85.43,45.22,113.43,16792.11,111.61,258.78,366.6,1190.74,1020.0,59,14,1306,1.85,30,90,53,19,15,14,46,31,28,10,5,239
RP0815,3,127.29,1370.14,7,4,67.46,29.7,93.58,20151.01,104.48,139.93,301.97,1098.54,972.65,61,23,1151,2.206,30,100,49,13,16,21,46,31,26,7,5,245
RP0816,3,157.44,1694.67,7,4,71.46,37.86,122.27,22771.8,121.85,182.36,407.06,1313.53,1321.48,63,22,1545,2.253,29,110,59,15,19,21,53,34,39,9,5,280
RP0817,1,363.4,3911.6,8,2,134.86,55.01,124.89,12717.99,105.97,400.63,281.15,1006.04,918.13,47,10,1162,1.68,39,74,51,27,13,10,41,26,25,12,5,221
RP0818,2,392.74,4227.41,8,3,155.81,70.82,220.05,32153.86,229.4,469.68,685.27,2353.8,1934.84,59,14,2622,2.18,49,145,98,30,16,14,87,39,50,10,4,403
RP0819,2,239.33,2576.12,7,4,98.13,45.92,133.98,18118.44,136.93,278.36,354.17,1328.41,1221.11,63,19,1510,1.967,34,94,62,20,17,19,56,35,33,10,5,268
RP0820,1,198.19,2133.3,5,2,64.87,35.03,70.88,6521.09,48.26,229.6,170.64,523.53,486.92,41,10,646,1.411,25,46,26,17,11,11,23,21,17,8,3,136
RP0821,1,393.19,4232.26,8,3,135.14,58.26,129.9,13724.56,113.66,453.92,308.46,1138.82,1048.88,54,12,1234,1.733,40,77,54,30,13,14,44,28,29,12,4,234
RP0822,2,131.87,1419.44,4,4,62.06,27.73,76.57,10986.9,60.83,147.72,227.68,640.16,556.95,33,19,816,1.712,22,66,32,16,12,19,27,26,19,8,4,167
RP0823,2,246.98,2658.47,5,2,111.59,45.62,137.99,19399.04,121.67,281.06,382.79,1461.55,1247.29,47,13,1604,1.886,34,101,54,21,15,13,56,30,36,10,4,271
RP0824,2,82.72,890.39,4,3,37.41,15.91,44.75,7335.28,36.49,84.4,135.72,449.35,392.03,43,14,546,1.597,15,50,23,10,13,15,23,19,12,8,4,128
RP0825,1,391.31,4212.02,7,2,139.72,60.93,128.28,14303.64,104.89,422.34,329.61,1124.62,1060.69,44,10,1072,1.688,40,80,51,27,12,11,45,30,30,14,5,238
RP0826,2,153.39,1651.07,8,3,66.42,32.36,93.01,14641.19,84.48,181.44,233.81,915.45,774.53,65,13,1005,1.836,26,78,46,16,17,15,40,25,22,8,4,204
RP0827,2,141.01,1517.82,5,2,59.22,27.97,82.33,11233.59,71.35,167.38,250.01,808.26,704.67,39,11,941,1.783,24,71,35,14,12,11,36,23,22,9,4,184
RP0828,2,347.11,3736.26,8,3,174.9,70.82,195.31,30736.04,205.22,387.34,544.98,2047.63,1780.19,63,17,2072,2.048,50,135,90,28,15,16,79,38,46,12,5,378
RP0829,1,134.78,1450.76,4,2,49.48,23.01,51.0,4551.26,31.24,142.96,97.76,340.93,319.26,28,10,456,1.198,18,37,21,12,9,11,17,17,12,6,4,108
RP0830,3,180.37,1941.48,5,3,87.21,45.22,142.23,25824.38,138.42,215.1,471.79,1499.2,1409.82,51,18,1614,2.162,34,123,63,18,17,17,57,32,37,10,4,301
RP0831,1,194.75,2096.27,3,1,64.02,29.79,66.2,6396.06,40.7,235.13,163.74,507.96,454.11,22,6,598,1.277,23,45,24,18,9,8,24,19,14,7,4,132
RP0832,1,202.5,2179.69,5,2,72.45,32.39,66.53,6660.81,48.23,236.91,186.26,553.36,528.52,40,9,611,1.411,23,47,27,17,12,11,24,21,17,7,4,138
RP0833,2,241.06,2594.75,6,2,105.23,53.1,143.84,18629.69,126.65,262.96,415.04,1502.39,1297.22,49,10,1521,1.946,38,99,57,22,15,10,59,32,36,10,5,279
RP0834,2,104.1,1120.52,4,4,48.01,20.86,58.5,8574.53,46.92,125.32,190.78,509.29,455.6,42,19,600,1.717,20,56,26,11,14,19,24,23,19,6,5,146
RP0835,1,311.33,3351.12,7,3,104.96,47.65,102.26,11522.48,83.34,381.11,262.01,847.27,715.48,56,13,996,1.617,34,66,43,25,15,15,33,25,21,11,4,192
RP0836,1,142.63,1535.26,6,2,52.97,22.49,49.49,5024.68,38.84,145.19,112.98,420.51,419.46,45,10,501,1.274,21,39,23,12,13,13,18,21,14,7,5,121
RP0837,3,369.51,3977.37,8,4,208.58,92.36,300.12,52066.06,324.04,444.8,965.21,3137.98,3093.75,63,21,3496,2.549,60,216,133,31,17,19,117,51,77,14,4,565
RP0838,3,123.24,1326.54,3,2,69.37,30.36,97.54,17111.58,74.56,153.9,323.03,1039.43,928.7,37,11,1167,2.143,26,93,37,14,14,13,44,23,24,9,3,218
RP0839,3,338.51,3643.69,8,4,179.31,81.47,262.01,50634.82,293.79,400.04,798.93,3136.29,2700.2,70,21,3142,2.439,57,205,123,27,20,19,118,48,70,12,6,541
RP0840,3,84.04,904.6,4,2,45.08,20.7,63.93,11912.36,63.9,106.27,199.46,732.78,734.07,41,12,751,2.211,20,70,32,10,13,11,31,20,21,8,4,171
RP0841,1,343.02,3692.23,7,2,127.34,51.42,115.32,12062.53,83.17,389.55,249.14,1005.52,970.56,51,9,1122,1.551,37,71,42,24,15,9,41,27,27,12,4,212
RP0842,1,129.73,1396.4,6,2,45.79,22.56,44.59,4657.78,34.79,147.38,108.51,372.79,369.52,44,9,438,1.46,19,35,23,12,13,11,20,25,14,6,4,119
RP0843,3,123.63,1330.74,6,3,58.61,28.8,90.41,17945.74,100.45,134.33,299.03,1032.02,892.91,57,15,1164,2.203,27,94,50,14,17,15,43,27,26,9,4,231
RP0844,1,220.19,2370.1,3,2,82.16,34.6,81.54,7503.16,41.85,221.82,179.85,588.05,501.96,28,9,619,1.384,28,51,25,16,11,9,24,17,17,9,4,144
RP0845,2,217.77,2344.05,7,3,96.85,43.43,130.45,17727.57,111.11,257.13,320.86,1349.6,1203.24,58,15,1436,1.975,32,92,55,19,14,13,51,32,36,7,5,257
RP0846,1,123.1,1325.04,5,2,43.65,22.26,44.74,4400.45,29.69,155.28,106.63,304.64,274.47,40,9,391,1.304,19,38,20,13,10,9,16,20,12,6,4,111
RP0847,3,241.64,2600.99,7,4,126.93,62.93,202.27,37279.77,186.17,273.66,624.15,2291.29,2340.25,76,21,2077,2.436,43,163,80,18,21,19,89,37,60,11,5,417
RP0848,3,93.41,1005.46,6,3,50.53,23.37,74.99,12841.03,62.69,108.71,210.85,802.65,658.25,57,15,897,2.232,23,78,32,12,17,16,35,23,19,5,4,185
RP0849,1,94.77,1020.09,4,2,31.81,13.65,30.55,3168.64,23.01,114.24,86.97,250.72,205.6,33,10,306,1.211,15,27,18,10,10,10,15,15,8,6,3,88
RP0850,2,353.56,3805.68,6,3,169.94,72.94,200.26,31516.67,180.65,412.93,615.73,1958.69,1834.86,52,14,2046,2.018,50,139,77,27,14,14,75,36,48,13,4,371
RP0851,2,158.11,1701.88,6,3,63.12,30.87,86.49,13413.97,79.86,184.22,242.47,970.58,807.3,51,16,966,1.845,25,71,40,14,15,14,40,23,23,7,4,193
RP0852,3,155.59,1674.76,5,3,85.86,37.49,116.87,22881.51,110.4,189.76,400.89,1315.62,1212.3,55,15,1404,2.218,31,110,51,16,18,14,52,26,33,9,4,267
RP0853,3,350.33,3770.92,8,4,163.78,86.09,262.96,49498.05,310.5,408.46,854.68,3013.81,2882.54,76,23,3537,2.597,53,200,129,29,19,20,112,50,74,12,5,533
RP0854,3,279.66,3010.23,7,3,138.44,69.44,220.17,40550.74,244.99,299.13,691.65,2297.24,1946.94,63,14,2486,2.365,45,172,104,22,19,14,87,41,52,12,4,431
RP0855,3,325.29,3501.39,8,4,176.9,80.11,246.5,44539.17,258.87,395.79,723.64,3125.24,2600.0,73,21,2882,2.396,54,189,109,28,20,18,116,47,67,13,5,507
RP0856,1,217.73,2343.62,4,1,79.1,31.82,73.97,6803.54,47.18,286.31,186.5,567.32,554.99,32,6,671,1.358,24,50,27,18,10,6,25,19,17,10,4,143
RP0857,2,168.13,1809.73,6,3,72.24,35.44,95.64,13876.25,86.72,203.6,295.48,1044.07,874.21,55,14,964,1.797,28,77,41,17,15,14,41,28,26,8,4,209
RP0858,3,156.77,1687.46,5,3,76.56,35.58,127.04,23882.0,116.15,179.2,375.65,1288.24,1272.39,52,15,1315,2.272,29,112,52,17,15,14,53,28,35,10,4,272
RP0859,2,82.43,887.27,5,3,37.05,16.78,46.24,6672.68,41.33,90.43,121.04,442.47,433.77,49,18,556,1.576,18,49,25,10,14,17,22,20,15,6,5,131
RP0860,3,334.22,3597.51,8,4,175.69,72.54,243.95,46963.27,266.76,391.79,764.59,3017.51,2512.92,63,20,3020,2.455,54,191,113,27,18,19,112,45,63,13,5,503
RP0861,1,178.51,1921.46,4,2,67.0,30.91,64.61,6870.81,39.24,205.33,146.53,483.05,447.01,31,9,566,1.343,22,43,22,14,9,10,22,16,17,6,4,126
RP0862,3,164.09,1766.25,5,4,81.2,42.91,117.09,23766.83,119.49,185.09,437.24,1405.13,1222.25,46,21,1513,2.184,32,109,53,17,13,20,57,28,32,10,3,272
RP0863,3,315.95,3400.85,7,3,163.63,81.46,247.28,45413.7,255.27,369.68,805.67,2780.95,2330.96,65,16,3051,2.514,52,194,107,26,19,16,104,47,61,14,5,491
RP0864,1,220.51,2373.55,5,2,80.37,33.78,77.54,8614.81,53.02,267.76,164.0,620.73,543.94,40,9,752,1.425,27,54,29,20,12,11,27,18,16,9,4,151
RP0865,1,371.41,3997.82,7,2,134.36,63.46,130.96,14487.62,97.09,398.74,306.97,1016.5,955.35,44,10,1154,1.6,41,76,48,27,13,11,41,30,28,14,5,227
RP0866,3,283.02,3046.4,8,4,144.99,66.52,230.27,36735.41,241.07,291.86,630.59,2534.11,2417.19,73,22,2681,2.391,47,166,104,20,19,21,95,44,61,13,5,446
RP0867,3,132.98,1431.38,6,4,72.47,31.49,104.22,16445.58,98.5,159.79,344.12,1132.01,1017.06,59,20,1291,2.28,29,91,48,16,18,17,46,26,28,6,5,234
RP0868,3,176.82,1903.27,5,2,91.45,41.69,135.13,26909.25,123.64,193.08,420.16,1478.85,1317.63,53,11,1521,2.286,37,125,58,17,17,11,58,27,36,11,4,301
RP0869,3,156.06,1679.81,6,4,87.86,38.23,123.05,24705.78,110.12,193.15,417.14,1322.67,1173.01,58,22,1461,2.339,33,113,51,19,19,19,53,29,32,10,5,274
RP0870,1,163.42,1759.04,6,3,52.84,27.48,58.62,5853.4,38.76,189.21,129.4,432.36,391.53,48,13,566,1.394,21,42,26,15,13,13,19,21,15,8,5,126
RP0871,1,139.97,1506.62,4,2,48.94,21.95,51.99,5354.91,30.22,164.64,107.21,365.61,360.08,32,10,472,1.288,18,41,20,12,10,11,17,18,13,7,5,114
RP0872,3,315.76,3398.81,5,4,162.07,79.3,270.47,42596.14,229.17,352.23,779.66,2546.62,2461.22,58,21,2599,2.413,54,187,96,26,18,20,97,45,65,11,5,477
RP0873,2,238.04,2562.24,5,2,113.55,48.91,119.95,20773.53,111.23,272.52,408.3,1304.54,1281.62,44,10,1471,1.818,37,99,50,19,13,12,51,31,36,11,5,267
RP0874,3,96.87,1042.7,4,4,49.24,24.83,76.56,13787.53,70.73,110.11,243.61,744.11,755.33,49,19,923,2.041,23,79,37,12,17,18,34,20,22,7,3,188
RP0875,3,399.05,4295.33,8,4,191.16,99.13,341.32,63892.38,368.16,454.55,897.64,3536.84,3234.57,74,20,3635,2.526,61,252,151,32,19,19,130,52,82,14,5,631
RP0876,1,175.96,1894.02,6,1,64.37,28.08,59.95,6633.71,47.11,215.94,135.15,487.99,450.89,40,6,562,1.451,23,43,29,16,11,9,23,20,15,10,5,136
RP0877,2,154.27,1660.55,6,3,64.94,31.61,84.36,12676.22,80.65,184.64,266.16,825.88,845.22,56,15,937,1.757,24,72,40,16,16,16,34,27,26,8,5,192
RP0878,3,223.11,2401.53,7,3,123.88,50.52,179.98,30024.3,159.9,254.47,522.26,2073.63,2058.51,65,16,2120,2.328,41,137,73,18,19,15,79,34,52,11,4,365
RP0879,2,223.95,2410.58,6,2,108.58,48.31,134.65,18879.36,118.39,259.61,367.39,1197.45,1204.68,54,12,1214,1.896,34,97,55,19,16,12,48,32,34,11,5,259
RP0880,1,230.27,2478.6,7,2,79.51,37.89,79.15,8543.18,60.01,283.12,173.49,605.45,502.3,60,8,742,1.49,29,52,34,20,15,9,26,24,16,10,5,161
RP0881,2,369.17,3973.71,8,4,170.42,69.05,179.2,34408.52,199.71,415.1,658.95,2128.94,2153.17,61,19,2394,2.078,49,142,88,28,16,18,81,41,57,15,5,396
RP0882,2,240.94,2593.45,6,3,116.83,50.55,132.86,20277.27,117.37,289.24,434.47,1293.6,1205.86,55,14,1460,1.776,40,101,54,21,16,13,50,30,34,9,5,270
RP0883,2,317.06,3412.8,8,4,145.34,64.02,175.86,26280.38,170.18,335.45,559.67,1880.53,1736.01,54,19,1933,2.05,41,126,74,23,14,19,72,38,46,12,4,343
RP0884,3,303.55,3267.38,7,4,152.22,65.37,226.46,40741.16,241.55,360.43,762.51,2807.24,2765.01,75,21,2793,2.478,47,176,104,24,21,20,105,47,73,13,4,478
RP0885,1,330.43,3556.72,8,1,117.14,48.09,110.09,12196.08,89.28,385.99,258.7,1045.26,935.86,53,6,1144,1.665,33,70,44,24,13,8,43,33,28,11,6,216
RP0886,2,263.79,2839.41,6,3,114.62,51.86,145.95,21618.83,123.89,309.56,415.55,1520.64,1466.45,48,15,1575,1.962,35,104,57,23,13,15,59,33,40,10,5,286
RP0887,3,319.33,3437.24,7,4,167.14,78.93,271.11,41909.97,236.4,334.14,859.97,2874.59,2493.96,64,19,2926,2.547,52,184,101,25,18,18,107,52,64,14,5,486
RP0888,3,321.67,3462.42,7,4,177.89,81.44,242.6,49179.18,249.31,413.67,880.3,2938.27,2664.57,63,21,2746,2.493,54,196,105,30,19,18,110,49,69,12,4,508
RP0889,1,317.87,3421.52,7,2,113.75,51.35,104.97,11864.07,86.8,356.9,247.94,960.01,854.72,49,9,1139,1.567,34,65,43,23,14,9,38,29,27,12,6,204
RP0890,1,227.15,2445.02,5,3,73.38,38.12,79.84,8410.09,51.73,259.85,163.64,631.14,626.03,37,13,712,1.428,24,54,30,20,11,14,28,21,18,10,4,153
RP0891,3,341.59,3676.84,8,4,170.34,81.98,273.66,51055.19,267.08,379.93,751.5,3072.69,3047.48,73,21,3228,2.511,55,210,114,27,19,20,115,46,75,14,4,538
RP0892,3,293.17,3155.65,8,4,152.75,72.21,231.71,41759.2,229.56,332.51,667.02,2682.21,2266.82,64,21,2814,2.505,52,179,98,23,18,19,98,44,60,12,5,463
RP0893,2,143.45,1544.08,5,3,61.26,29.31,80.84,12188.57,71.69,159.44,230.91,740.74,709.04,47,16,884,1.774,24,70,37,16,13,18,31,26,21,8,5,180
RP0894,3,161.27,1735.89,7,3,87.01,38.76,122.83,23122.71,130.84,184.02,383.77,1552.9,1388.96,62,17,1470,2.28,33,110,61,15,19,16,63,28,36,10,4,290
RP0895,2,156.96,1689.5,6,3,66.44,32.45,94.81,13130.21,81.74,202.06,254.21,858.69,732.38,54,15,999,1.83,26,75,42,15,15,14,36,28,24,8,5,199
RP0896,1,229.39,2469.13,7,2,82.76,35.53,78.7,8001.44,61.49,247.2,203.49,673.4,622.03,46,10,848,1.536,26,51,35,20,14,10,28,24,20,9,4,157
RP0897,1,298.94,3217.76,5,3,102.83,50.04,108.07,10997.23,78.53,327.19,273.49,867.95,843.98,44,13,1034,1.541,32,68,39,21,13,13,34,26,25,12,4,193
RP0898,1,272.66,2934.88,6,3,99.33,43.32,95.42,9689.57,66.18,347.72,243.72,799.0,758.79,48,15,909,1.541,30,61,36,23,12,14,33,26,23,7,5,181
RP0899,2,285.12,3069.0,8,4,124.6,56.03,163.14,23747.14,162.56,308.11,509.56,1685.53,1515.42,59,19,1718,2.129,40,114,71,23,16,19,66,35,40,10,5,316
RP0900,3,164.61,1771.85,4,4,93.2,43.79,137.81,24943.89,119.97,173.37,434.11,1402.73,1346.58,49,21,1423,2.222,34,117,56,16,15,21,56,27,37,11,4,288
RP0901,2,307.1,3305.59,6,2,130.11,66.76,177.0,27012.22,164.92,334.73,539.81,1683.06,1669.34,54,10,1881,1.965,42,124,72,23,15,12,65,35,43,10,4,330
RP0902,1,186.9,2011.77,6,3,70.32,31.95,63.04,6459.02,54.93,215.08,148.01,493.6,411.23,42,14,628,1.379,24,43,32,15,11,13,21,22,16,6,4,135
RP0903,2,130.3,1402.54,5,3,59.23,24.79,67.34,10989.52,64.9,142.4,227.25,690.67,670.28,49,16,866,1.752,21,67,32,11,16,15,30,25,24,9,5,174
RP0904,2,161.69,1740.41,6,3,69.39,34.9,90.96,13298.95,79.21,184.32,236.38,893.16,813.62,57,15,1063,1.93,29,75,38,15,15,14,35,26,22,9,5,196
RP0905,2,106.52,1146.57,4,3,46.5,22.5,60.7,8073.33,52.19,116.62,160.96,572.23,512.77,42,15,680,1.725,20,56,28,12,13,13,27,19,17,6,4,146
RP0906,2,309.66,3333.15,8,4,131.86,56.69,174.86,24955.55,159.47,358.7,485.48,1723.93,1738.29,61,20,2012,2.056,39,120,73,24,18,17,65,32,45,11,5,325
RP0907,2,289.88,3120.24,5,2,134.29,56.76,170.87,22962.1,135.88,344.65,476.72,1450.97,1409.33,49,11,1814,1.888,43,115,59,25,15,11,58,31,39,10,4,302
RP0908,1,340.41,3664.14,7,3,112.48,57.07,118.26,12751.64,85.52,417.41,279.81,902.0,857.13,52,12,1112,1.617,37,74,43,26,14,12,38,25,25,11,4,211
RP0909,1,302.99,3261.35,6,3,107.56,48.56,103.89,10016.6,79.58,352.63,233.36,882.6,828.76,43,14,1050,1.504,33,60,39,23,13,15,36,23,24,11,4,186
RP0910,1,262.47,2825.2,5,2,103.28,44.32,98.81,9275.76,59.33,311.52,219.11,776.1,794.4,43,9,955,1.488,31,59,31,21,12,10,31,25,25,9,5,177
RP0911,3,308.03,3315.6,8,4,172.47,79.78,251.9,43393.56,243.07,404.28,693.2,2807.74,2580.83,63,21,2771,2.48,52,186,106,27,19,16,104,43,68,13,5,488
RP0912,1,246.71,2655.56,7,3,77.04,37.7,85.25,9722.27,64.92,321.05,220.04,673.85,679.23,55,13,758,1.536,25,57,35,22,15,16,28,25,20,10,5,165
RP0913,3,233.83,2516.92,6,4,111.66,57.74,158.94,36072.85,165.09,293.03,536.37,2073.58,1866.82,56,20,2032,2.295,40,148,70,21,14,19,80,32,50,10,4,371
RP0914,3,208.71,2246.53,7,3,110.79,48.03,168.84,31423.77,162.8,237.95,522.78,1786.59,1839.68,56,17,1992,2.415,38,142,72,18,17,16,69,41,49,12,5,357
RP0915,1,275.39,2964.27,8,3,105.02,43.95,89.17,10177.17,64.38,320.7,200.1,915.65,778.93,59,16,910,1.56,30,64,35,22,15,15,37,27,25,12,5,189
RP0916,2,377.24,4060.57,7,5,177.09,78.08,237.5,31217.21,185.95,448.08,550.87,2364.07,2335.9,69,23,2417,2.138,51,147,81,30,18,22,89,38,61,12,5,411
RP0917,2,244.21,2628.65,5,3,94.23,54.34,140.61,22294.71,113.51,285.06,352.96,1269.8,1063.4,44,16,1447,1.904,36,108,53,21,14,17,50,26,29,9,4,265
RP0918,3,272.98,2938.33,7,4,135.73,68.77,221.96,43935.35,227.18,339.83,635.44,2478.2,2350.96,59,22,2538,2.42,46,179,94,24,18,21,95,40,60,11,4,450
RP0919,2,313.05,3369.64,8,4,137.26,58.25,169.57,27261.54,181.41,382.04,542.51,1834.13,1594.02,54,18,1998,2.062,41,123,83,26,14,19,71,40,43,10,5,343
RP0920,2,117.59,1265.73,5,3,51.45,24.4,63.72,10450.44,58.73,130.66,190.13,649.29,606.83,46,16,708,1.697,22,63,34,13,13,17,30,17,17,7,4,161
RP0921,3,250.28,2693.99,8,2,136.92,57.52,181.56,34887.67,174.01,292.3,624.31,2354.12,2366.52,65,12,2392,2.469,43,153,78,22,20,11,89,40,62,11,5,409
RP0922,1,279.41,3007.54,8,2,111.83,45.76,98.07,9840.96,73.41,350.45,210.82,853.52,722.72,49,11,921,1.594,33,58,39,22,13,12,35,30,21,9,6,188
RP0923,3,359.44,3868.98,8,5,169.99,86.95,285.83,51975.87,321.67,451.18,950.54,3268.68,2929.41,80,26,3250,2.551,54,209,134,30,21,24,121,53,74,12,4,555
RP0924,2,212.79,2290.45,7,3,102.22,39.47,121.94,17262.0,115.03,253.64,384.05,1324.89,1202.38,72,13,1430,1.822,32,91,53,19,19,13,53,32,35,11,5,256
RP0925,3,338.67,3645.41,7,4,171.69,87.24,282.66,50620.02,233.58,352.56,836.84,2957.67,2569.53,62,18,3112,2.573,56,212,101,24,17,18,110,49,66,13,5,522
RP0926,2,244.59,2632.74,5,3,114.84,43.77,132.2,19661.81,117.66,289.97,376.83,1346.1,1234.6,42,16,1549,1.856,36,99,54,21,13,16,51,28,33,10,4,263
RP0927,3,198.61,2137.82,6,4,95.22,49.8,162.62,29718.99,144.0,206.19,535.69,1576.05,1587.25,53,22,1764,2.333,37,133,64,17,17,20,64,38,41,9,6,329
RP0928,2,172.37,1855.37,3,3,72.53,34.05,92.03,14933.06,74.72,192.14,285.57,958.1,842.09,34,15,1016,1.788,28,81,35,17,13,15,39,21,24,8,3,201
RP0929,1,106.58,1147.22,3,1,37.84,18.16,36.89,3639.3,21.77,121.34,92.37,276.97,262.67,25,5,350,1.16,15,34,17,12,8,8,15,16,11,7,3,96
RP0930,2,246.71,2655.56,8,4,110.08,48.01,133.34,18812.26,138.24,277.06,433.35,1480.2,1368.64,69,19,1776,2.08,35,96,65,20,19,18,58,34,37,8,6,280
RP0931,3,186.85,2011.23,6,2,95.67,42.42,131.18,25856.24,141.68,208.57,496.04,1750.0,1539.33,52,14,1511,2.219,33,120,64,16,16,12,67,34,41,11,4,312
RP0932,3,137.01,1474.76,6,4,75.46,33.79,101.89,21025.9,102.94,171.66,334.87,1135.09,1147.38,52,18,1312,2.23,28,104,49,15,16,19,46,26,31,8,4,249
RP0933,2,295.07,3176.1,7,3,140.77,58.12,161.88,25893.87,152.84,355.99,507.3,1848.82,1876.84,62,16,1832,2.031,41,118,69,25,17,14,71,37,50,11,6,337
RP0934,1,220.52,2373.66,5,1,87.9,34.64,68.66,8122.02,54.16,258.63,197.18,600.86,554.99,35,6,708,1.377,27,49,30,18,11,8,27,23,18,8,4,150
RP0935,2,226.04,2433.07,7,3,101.42,45.13,133.77,18233.98,119.73,266.28,381.28,1250.71,1062.95,55,15,1529,1.908,32,93,55,20,16,15,51,29,29,11,3,248
RP0936,1,161.19,1735.03,5,3,56.57,24.04,48.28,5572.42,40.62,189.74,132.91,438.89,445.65,44,13,503,1.391,21,42,26,14,12,14,21,20,17,6,4,126
RP0937,1,290.82,3130.36,7,4,106.78,47.12,97.89,10258.39,78.05,341.5,253.55,920.51,927.61,50,18,966,1.55,31,62,40,23,14,17,37,25,26,13,4,191
RP0938,1,254.4,2738.34,5,2,94.53,38.45,82.85,9514.5,59.15,261.83,199.81,668.61,680.12,34,11,842,1.36,30,57,32,20,13,11,29,20,19,10,4,164
RP0939,3,292.04,3143.49,8,4,155.72,75.73,238.08,44940.25,229.74,358.72,738.97,2646.74,2348.97,69,21,2590,2.481,49,186,100,27,19,19,99,47,62,13,6,473
RP0940,3,335.63,3612.69,8,4,163.78,81.66,290.77,50134.06,264.78,382.42,776.37,3113.47,2921.15,51,21,2961,2.503,52,210,112,28,17,19,115,47,75,11,6,536
RP0941,1,128.56,1383.81,2,1,46.11,18.34,40.5,4388.55,25.92,140.31,113.51,314.38,272.33,16,5,405,1.137,17,37,18,11,7,8,16,17,12,8,4,105
RP0942,2,376.19,4049.27,8,4,175.66,72.6,190.52,32841.7,194.95,483.78,615.19,2211.09,1919.51,67,20,2321,2.149,50,141,84,31,18,19,84,37,48,12,4,386
RP0943,1,222.67,2396.8,6,2,82.68,33.75,81.56,7917.58,56.67,245.07,175.0,602.9,527.81,43,10,731,1.468,25,52,30,18,11,11,26,23,17,8,5,151
RP0944,3,388.6,4182.85,8,5,195.15,92.57,326.6,56070.66,322.53,464.66,961.62,3356.17,3283.31,75,27,3915,2.514,59,233,133,30,19,24,125,51,82,15,4,594
RP0945,1,274.05,2949.85,6,2,103.0,44.51,94.58,10444.78,74.68,323.67,207.2,750.39,733.16,44,11,843,1.569,31,59,36,22,11,13,33,24,22,11,5,178
RP0946,1,228.25,2456.86,4,2,79.64,37.35,86.08,7314.8,50.65,242.32,194.47,587.27,565.0,32,10,719,1.366,26,52,28,16,10,10,25,21,19,9,5,149
RP0947,3,127.66,1374.12,7,3,58.14,29.26,99.52,19841.84,97.47,151.5,332.45,1186.2,1032.07,63,15,1253,2.194,25,101,46,13,18,17,49,33,31,8,6,249
RP0948,3,86.64,932.58,5,4,42.68,20.54,70.66,11744.15,62.13,90.86,202.09,734.16,639.82,58,21,826,2.171,20,72,33,10,18,19,33,23,18,7,3,173
RP0949,3,382.29,4114.93,8,4,206.05,92.69,312.52,54040.12,325.47,443.78,996.94,3460.45,3433.35,68,24,3495,2.609,60,222,134,30,18,22,128,54,86,13,4,593
RP0950,2,238.66,2568.91,5,2,107.45,48.02,136.22,21194.84,115.24,301.21,435.17,1389.52,1429.23,40,11,1296,1.828,35,104,53,22,13,11,55,33,38,11,4,277
RP0951,3,398.19,4286.08,8,4,219.8,92.04,298.38,57936.48,355.65,459.39,1019.44,3271.53,2801.19,69,20,3680,2.53,63,229,149,31,18,20,121,53,71,15,4,589
RP0952,1,367.16,3952.07,7,2,122.2,58.64,125.29,12754.5,102.56,443.64,307.67,1041.26,959.3,47,9,1196,1.714,38,72,50,30,14,9,41,31,28,14,5,223
RP0953,2,213.17,2294.54,6,4,92.56,40.34,124.16,17751.9,106.23,248.49,368.65,1096.38,1093.5,51,22,1281,1.948,33,95,49,18,13,20,43,30,30,9,4,242
RP0954,2,140.4,1511.25,4,2,62.16,26.58,81.37,11680.69,69.79,168.33,253.76,772.78,654.61,40,12,899,1.697,24,69,34,14,12,11,32,21,19,8,3,173
RP0955,2,85.07,915.68,4,2,36.44,17.33,44.82,7451.18,37.49,96.55,137.97,443.34,385.16,35,9,492,1.689,19,50,22,11,12,9,20,19,17,6,5,130
RP0956,3,295.64,3182.24,6,4,158.16,73.8,242.95,41920.26,204.19,294.27,758.66,2508.5,2496.07,52,20,2622,2.388,50,181,87,22,15,19,95,45,67,12,5,462
RP0957,3,152.1,1637.19,6,2,74.92,33.0,124.91,24346.09,108.74,178.36,358.23,1282.61,1204.5,51,11,1463,2.3,29,114,52,16,18,10,53,29,32,11,5,272
RP0958,1,93.15,1002.66,4,2,31.26,13.95,33.55,3252.67,21.3,112.76,82.64,239.09,226.58,35,8,288,1.171,13,31,17,10,10,10,13,23,10,6,5,97
RP0959,1,166.54,1792.62,4,2,59.45,25.11,60.22,6033.98,34.35,175.92,121.88,444.18,399.25,30,9,553,1.352,22,41,21,14,9,9,19,18,12,8,3,119
RP0960,2,84.78,912.56,4,3,35.9,17.0,44.49,7324.89,37.08,100.83,145.14,444.78,456.27,36,16,569,1.718,20,49,21,11,13,15,22,23,16,7,5,135
RP0961,1,134.57,1448.5,5,2,47.15,19.5,40.22,4831.48,33.17,174.71,109.02,374.83,383.95,38,10,462,1.346,18,35,23,13,11,11,19,19,14,8,4,112
RP0962,1,200.04,2153.21,4,2,72.18,29.89,70.15,7031.98,45.99,222.18,177.56,538.65,482.95,28,9,622,1.293,24,50,28,16,9,10,24,23,18,9,5,146
RP0963,1,80.77,869.4,3,1,27.19,12.53,25.53,2885.29,17.82,87.55,62.09,215.78,180.32,23,6,250,1.184,13,28,12,8,8,7,12,16,10,8,5,85
RP0964,2,233.23,2510.46,7,3,96.99,48.26,136.39,19047.06,127.03,269.9,398.0,1386.62,1145.25,54,15,1401,1.839,32,97,60,20,15,14,54,37,33,10,4,266
RP0965,2,80.97,871.55,4,3,36.91,14.68,41.41,6760.83,35.49,95.9,126.59,410.23,417.39,40,16,532,1.669,14,47,23,10,12,15,20,18,16,7,3,119
RP0966,2,114.25,1229.78,5,2,51.56,23.49,65.42,10242.82,46.96,138.53,197.47,589.56,525.76,43,11,697,1.742,19,61,27,12,12,12,28,21,17,7,4,152
RP0967,1,179.55,1932.66,6,3,75.66,30.95,61.19,6331.98,39.86,217.84,142.3,505.05,496.16,48,15,675,1.34,24,43,25,16,13,13,23,23,18,8,5,136
RP0968,1,339.34,3652.62,7,1,125.0,55.59,107.49,11598.86,88.24,385.16,253.51,992.38,847.2,50,6,1212,1.585,36,69,43,26,14,7,40,27,23,12,4,207
RP0969,3,157.35,1693.7,7,4,82.96,37.89,125.15,21759.93,136.27,169.09,430.68,1390.65,1183.06,66,21,1565,2.29,30,109,63,16,17,19,54,35,33,10,4,277
RP0970,3,209.54,2255.47,6,5,116.24,55.39,170.93,30618.48,156.38,219.49,562.74,1799.17,1551.28,66,24,1906,2.247,38,142,69,16,19,23,70,38,42,10,5,348
RP0971,2,364.28,3921.07,6,3,150.64,70.25,197.13,30541.65,186.43,423.23,577.97,2068.05,2108.44,44,17,2232,2.073,47,138,81,28,14,15,77,37,56,14,5,381
RP0972,2,156.23,1681.64,5,2,73.17,29.26,84.76,12528.62,69.77,186.63,256.86,837.09,817.02,40,11,1006,1.715,25,71,35,14,13,11,34,19,25,8,4,185
RP0973,3,267.48,2879.13,7,3,140.18,62.7,214.83,40046.49,219.97,314.36,678.11,2461.76,2391.7,64,16,2620,2.455,46,171,95,23,20,14,93,44,62,12,5,444
RP0974,2,195.47,2104.02,4,2,87.03,41.08,114.38,17869.99,84.71,213.66,312.32,1101.67,924.05,43,11,1127,1.715,31,88,38,17,13,12,43,28,27,9,4,224
RP0975,2,95.13,1023.97,6,3,40.69,20.42,54.0,7390.72,55.36,114.39,169.52,519.55,433.07,48,16,672,1.649,20,53,31,12,16,14,25,24,17,6,5,147
RP0976,3,157.2,1692.09,6,3,81.19,40.44,128.69,23842.02,124.98,180.87,417.27,1313.67,1083.26,53,16,1396,2.252,31,114,56,16,16,16,52,30,31,8,4,273
RP0977,2,353.69,3807.08,7,3,148.36,67.15,201.75,28475.64,183.56,409.45,593.05,1913.6,1865.24,59,16,2029,2.129,45,138,80,27,16,16,74,36,48,12,4,366
RP0978,1,139.37,1500.16,6,2,49.21,22.21,48.32,4741.8,37.52,164.51,118.88,415.81,374.75,39,10,497,1.308,16,38,25,13,12,10,20,21,14,9,5,119
RP0979,2,192.61,2073.23,5,2,78.29,36.81,106.0,14990.06,92.24,213.01,322.2,989.2,1012.49,35,11,1126,1.763,30,81,43,17,12,12,40,26,28,10,4,216
RP0980,3,224.63,2417.89,7,4,113.43,53.7,178.69,31020.84,187.37,240.08,509.74,1951.27,1801.91,67,20,1988,2.387,39,144,82,19,18,19,77,34,48,9,4,369
RP0981,1,277.44,2986.34,5,2,101.91,42.23,93.51,9360.82,69.44,326.6,200.21,814.44,713.69,38,10,859,1.531,29,56,36,22,11,10,34,21,21,9,3,170
RP0982,1,148.7,1600.59,3,1,46.25,24.35,53.43,5512.86,32.65,177.41,130.45,393.75,395.08,22,5,482,1.23,17,44,20,15,6,6,20,18,13,7,4,118
RP0983,1,290.6,3127.99,7,2,105.46,46.19,96.63,9961.32,76.87,330.6,226.04,911.96,756.82,52,10,941,1.554,31,60,40,22,15,10,36,21,23,11,5,184
RP0984,3,359.64,3871.13,8,4,195.59,78.36,257.58,48860.2,320.48,395.56,831.02,3025.37,2981.83,57,19,3070,2.565,57,200,135,28,17,17,114,47,77,14,4,542
RP0985,2,213.63,2299.49,7,4,87.14,38.77,109.09,17307.76,122.98,259.37,348.67,1199.35,1097.7,54,16,1300,1.853,30,88,57,20,15,17,47,29,30,10,4,240
RP0986,3,177.08,1906.07,7,3,85.18,42.95,150.96,27522.17,127.71,205.23,428.73,1518.09,1295.12,64,15,1564,2.349,33,127,60,17,20,16,59,35,36,9,5,305
RP0987,1,159.95,1721.69,3,2,64.75,24.61,53.51,5662.73,37.1,171.94,122.98,415.94,398.79,28,10,493,1.255,19,40,22,13,8,11,21,17,13,9,3,117
RP0988,3,111.37,1198.78,5,3,53.22,25.33,84.07,16233.9,92.9,121.48,294.02,929.47,867.68,47,17,1051,2.279,24,90,43,12,15,15,38,28,26,8,5,217
RP0989,3,304.17,3274.06,8,4,172.05,68.49,219.5,45254.79,259.93,375.21,799.44,2743.21,2413.98,70,21,2734,2.467,48,185,111,24,20,19,102,44,61,11,4,476
RP0990,2,193.27,2080.34,6,4,87.99,36.95,105.63,16155.12,101.03,215.42,300.07,1077.34,1034.82,50,20,1226,1.84,29,86,46,17,13,19,44,25,30,9,4,227
RP0991,1,127.05,1367.55,4,3,48.52,20.29,45.96,4384.01,27.81,155.37,115.57,363.05,370.39,33,14,448,1.327,19,37,19,15,12,15,19,20,12,7,5,114
RP0992,3,212.68,2289.27,6,4,115.61,52.0,171.36,32413.23,173.32,240.61,493.8,1920.4,1582.09,52,19,1896,2.285,38,145,75,20,15,18,74,33,43,10,4,357
RP0993,3,306.8,3302.36,6,4,168.03,67.6,228.06,47039.6,241.52,314.05,729.48,2783.97,2728.99,59,21,2816,2.506,49,190,102,23,16,20,106,44,71,12,4,491
RP0994,3,186.6,2008.54,7,5,93.08,44.04,137.98,25255.33,151.94,214.99,464.9,1509.8,1287.54,64,25,1629,2.256,33,121,69,19,18,23,60,36,36,8,5,306
RP0995,2,354.99,3821.08,7,2,156.85,66.22,163.84,28095.47,182.23,433.8,518.77,2067.32,2122.67,54,11,2186,2.063,47,123,79,28,15,13,79,34,56,13,3,363
RP0996,3,194.37,2092.18,6,2,107.91,42.96,157.9,28711.33,153.24,237.17,509.86,1647.02,1604.12,55,11,1808,2.353,36,127,67,18,17,11,67,34,42,9,4,325
RP0997,2,256.77,2763.85,7,3,116.28,48.61,146.04,20110.7,131.69,304.47,455.51,1422.1,1166.73,53,16,1481,2.022,36,105,60,21,16,15,57,33,32,11,5,280
RP0998,1,83.01,893.51,2,1,28.48,13.75,29.08,2870.54,18.31,97.33,74.69,209.19,179.92,16,6,273,1.159,17,29,12,10,7,8,12,11,7,4,3,81
RP0999,3,231.1,2487.54,5,4,121.78,53.93,187.98,36069.5,165.26,269.22,562.26,1902.46,1937.28,49,19,1972,2.425,40,152,71,20,15,19,74,34,50,12,5,372
RP1000,1,230.66,2482.8,4,3,74.59,38.9,81.32,7914.64,52.93,284.31,174.36,569.46,480.55,35,15,703,1.248,25,50,29,19,8,15,27,18,17,10,4,146
